external_source,external_id,title,description,terms_and_conditions,legacy_category_code,original_price,sale_price,currency,thumbnail_url,source_url,usage_validity_days,sale_start_time,sale_end_time,usage_start_time,usage_end_time,capacity,status,source_content_hash,crawled_at
giftpop.vn,MP1909180003,Phiếu quà tặng Cộng Cà Phê 100k,"Nhịp sống đôi khi ồn ào, tấp nập quá,
Thanh xuân mình dừng chân nghỉ ngơi ở Cộng Anh nhé!
Với không gian gần gũi, thân thuộc với chất liệu gỗ mộc mạc và họa tiết chăn công đặc trưng những năm ""nghìn chín trăm hồi ấy"", không gian tại Cộng là nơi để ghé thăm đầy mến thương dành cho những tâm hồn hoài cổ trong buổi tối hẹn hò.
Ở Cộng, có những thức uống được tạo nên từ sự biến tấu, giao thoa văn hoá được thể hiện khéo léo, tinh tế trong ly cà phê tưởng chừng đơn giản.
Không chỉ cà phê, với Cộng thực đơn quán là cả 1 bầu trời tâm huyết, sáng tạo mang đến sự hài lòng nhất với khách hàng.
Phiếu quà tặng tiền mặt Cộng với mệnh giá từ 30k đến 100k sẽ là giải pháp hoàn hảo cho doanh nghiệp dùng tặng hoặc thưởng cho nhân viên, cũng sẽ là món quà ý nghĩa và thiết thực cho bạn dành tặng cho bạn bè nhân mỗi dịp lễ tết, sinh nhật... Phiếu quà tặng tiền mặt áp dụng để mua được tất cả các sản phẩm tại Cộng một cách nhanh chóng, sử dụng dễ dàng, lan tỏa yêu thương.","• Chỉ áp dụng mua đồ ăn, đồ uống có trên menu của Cộng Cà Phê. Không áp dụng mua các sản phẩm lưu niệm
• Áp dụng 1 mã voucher/ hóa đơn, không tách bill.
• Mỗi voucher được sử dụng 01 lần.
• Không có giá trị quy đổi thành tiền mặt, không được hoàn trả tiền thừa.
• Không hoàn trả hoặc bán lại được.
• Nếu giá trị đơn hàng của khách hàng vượt quá giá trị của voucher thì khách hàng phải thanh toán thêm khoản chênh lệch đó..
• Voucher không áp dụng cùng chương trình khuyến mãi khác tại Cộng Cà Phê.
• Khách hàng có trách nhiệm bảo mật thông tin mã thẻ quà tặng sau khi đặt mua. Giftpop sẽ không chịu trách nhiệm hoàn trả các mã thẻ bị mất hoặc ở trạng thái ""đã sử dụng"" với bất kỳ lý do gì.
• Giftpop sẽ không chịu trách nhiệm đối với chất lượng của sản phẩm hoặc dịch vụ được cung cấp cũng như đối với các tranh chấp về sau giữa khách hàng và nhà cung cấp.
• Giftpop có quyền sửa chữa hoặc thay đổi điều khoản và điều kiện sử dụng mà không thông báo trước.
• Vui lòng xem thông tin cửa hàng áp dụng bên dưới.
• Hạn sử dụng: 03 tháng kể từ ngày mua.
• Hotline Giftpop: 1900 55 88 12",FOOD_DRINK,100000,97000,VND,https://img.giftpop.vn/brand/CONG/MP1909180003_BASIC_origin.jpg,https://www.giftpop.vn/brandshop/view/MP1909180003,7,2026-09-24T17:00:00.000Z,2027-09-24T17:00:00.000Z,2026-09-24T17:00:00.000Z,2027-10-01T17:00:00.000Z,100,APPROVED,81a577d078dd37c475bb87b1603a6224a6ec3e7a5b16f293b7290ebc6005be03,2026-08-19T14:42:45.627Z
giftpop.vn,MP1909180002,Phiếu quà tặng Cộng Cà Phê 50k,"Nhịp sống đôi khi ồn ào, tấp nập quá,
Thanh xuân mình dừng chân nghỉ ngơi ở Cộng Anh nhé!
Với không gian gần gũi, thân thuộc với chất liệu gỗ mộc mạc và họa tiết chăn công đặc trưng những năm ""nghìn chín trăm hồi ấy"", không gian tại Cộng là nơi để ghé thăm đầy mến thương dành cho những tâm hồn hoài cổ trong buổi tối hẹn hò.
Ở Cộng, có những thức uống được tạo nên từ sự biến tấu, giao thoa văn hoá được thể hiện khéo léo, tinh tế trong ly cà phê tưởng chừng đơn giản.
Không chỉ cà phê, với Cộng thực đơn quán là cả 1 bầu trời tâm huyết, sáng tạo mang đến sự hài lòng nhất với khách hàng.
Phiếu quà tặng tiền mặt Cộng với mệnh giá từ 30k đến 100k sẽ là giải pháp hoàn hảo cho doanh nghiệp dùng tặng hoặc thưởng cho nhân viên, cũng sẽ là món quà ý nghĩa và thiết thực cho bạn dành tặng cho bạn bè nhân mỗi dịp lễ tết, sinh nhật... Phiếu quà tặng tiền mặt áp dụng để mua được tất cả các sản phẩm tại Cộng một cách nhanh chóng, sử dụng dễ dàng, lan tỏa yêu thương.","• Chỉ áp dụng mua đồ ăn, đồ uống có trên menu của Cộng Cà Phê. Không áp dụng mua các sản phẩm lưu niệm
• Áp dụng 1 mã voucher/ hóa đơn, không tách bill.
• Mỗi voucher được sử dụng 01 lần.
• Không có giá trị quy đổi thành tiền mặt, không được hoàn trả tiền thừa.
• Không hoàn trả hoặc bán lại được.
• Nếu giá trị đơn hàng của khách hàng vượt quá giá trị của voucher thì khách hàng phải thanh toán thêm khoản chênh lệch đó..
• Voucher không áp dụng cùng chương trình khuyến mãi khác tại Cộng Cà Phê.
• Khách hàng có trách nhiệm bảo mật thông tin mã thẻ quà tặng sau khi đặt mua. Giftpop sẽ không chịu trách nhiệm hoàn trả các mã thẻ bị mất hoặc ở trạng thái ""đã sử dụng"" với bất kỳ lý do gì.
• Giftpop sẽ không chịu trách nhiệm đối với chất lượng của sản phẩm hoặc dịch vụ được cung cấp cũng như đối với các tranh chấp về sau giữa khách hàng và nhà cung cấp.
• Giftpop có quyền sửa chữa hoặc thay đổi điều khoản và điều kiện sử dụng mà không thông báo trước.
• Vui lòng xem thông tin cửa hàng áp dụng bên dưới.
• Hạn sử dụng: 03 tháng kể từ ngày mua.
• Hotline Giftpop: 1900 55 88 12",FOOD_DRINK,50000,48500,VND,https://img.giftpop.vn/brand/CONG/MP1909180002_BASIC_origin.jpg,https://www.giftpop.vn/brandshop/view/MP1909180002,7,2026-09-28T17:00:00.000Z,2027-09-28T17:00:00.000Z,2026-09-28T17:00:00.000Z,2027-10-05T17:00:00.000Z,100,APPROVED,5373f2aca642fc71ad99925171f87f3d76edd034391a65448c32b1dec5543484,2026-08-19T14:42:45.627Z
giftpop.vn,MP2502270004,[Giftpop] Phiếu quà tặng TOUS les JOURS 100K,"Với sự ra đời của cửa hàng đầu tiên tại Việt Nam vào năm 2007, chuỗi cửa hàng TOUS les JOURS khẳng định vị trí dẫn đầu trong phân khúc cao cấp bánh và cà phê của ngành công nghiệp thực phẩm.
Tên gọi “TOUS les JOURS” được bắt nguồn từ 1 cụm từ trong tiếng Pháp có nghĩa là “mỗi ngày”, chúng tôi hiểu rằng những chiếc bánh mới ra lò là những chiếc bánh ngon nhất. TOUS les JOURS đặc biệt chọn lọc những nguyên liệu tốt cho sức khỏe cũng như chú trọng sự tươi mới của từng sản phẩm khi đến tay khách hàng. TOUS les JOURS luôn ưu tiên là chất lượng sản phẩm đi kèm với dịch vụ, lấy khách hàng là trọng tâm, cam kết phát triển lâu dài và nâng cao chất lượng phục vụ người tiêu dùng Việt Nam. Với sự phát triển tại Việt Nam hiện nay hệ thống của TOUS les JOURS đã có mặt tại khắp các tỉnh thành.
Phiếu quà tặng TOUS les JOURS có giá trị tương đương tiền mặt, được dùng để thanh toán hóa đơn mua hàng tại cửa hàng. Phiếu quà tặng với nhiều mệnh giá sẽ là giải pháp hoàn hảo cho doanh nghiệp dùng tặng thưởng cho nhân viên, cũng sẽ là món quà ý nghĩa và thiết thực cho bạn dành tặng người thân, bạn bè nhân dịp lễ tết, sinh nhật...","• Mỗi voucher được sử dụng 01 lần, áp dụng nhiều voucher/ hóa đơn.
• Voucher chỉ áp dụng cho đơn hàng có giá trị bằng hoặc lớn hơn giá trị voucher. Không áp dụng cho đơn hàng có giá trị thấp hơn giá trị voucher.
• Không áp dụng cho giao dịch giao hàng tận nơi hoặc đặt hàng qua bên thứ ba.
• Voucher chỉ áp dụng cho mua sản phẩm với giá gốc, không kèm theo chương trình khuyến mãi nào khác tại cửa hàng và chương trình thẻ thành viên CJ Member.
• Không áp dụng voucher khi mua thẻ quà tặng của TOUS les JOURS (Gift Card).
• Không đổi được ra tiền mặt một phần hoặc toàn bộ, không hoàn trả hoặc bán lại được.
• Không chấp nhận mã voucher quá hạn sử dụng, trạng thái đã sử dụng.
• Nếu giá trị đơn hàng của khách hàng vượt quá giá trị của voucher thì khách hàng phải thanh toán thêm khoản chênh lệch đó.
• Khách hàng có trách nhiệm bảo mật thông tin mã thẻ quà tặng sau khi đặt mua. Giftpop sẽ không chịu trách nhiệm hoàn trả các mã thẻ bị mất hoặc ở trạng thái ""Đã sử dụng"" với bất kỳ lý do gì.
• Giftpop sẽ không chịu trách nhiệm đối với chất lượng sản phẩm hoặc dịch vụ được cung cấp cũng như đối với các tranh chấp về sau giữa khách hàng và nhà cung cấp.
• Giftpop có quyền sửa chữa hoặc thay đổi điều khoản và điều kiện sử dụng mà không thông báo trước.
• Hotline Giftpop: 1900 55 88 12",FOOD_DRINK,100000,97000,VND,https://img.giftpop.vn/brand/TOUSLESJOURS/MP2502270004_BASIC_origin.jpg,https://www.giftpop.vn/brandshop/view/MP2502270004,45,2026-09-19T17:00:00.000Z,2027-09-19T17:00:00.000Z,2026-09-19T17:00:00.000Z,2027-11-03T17:00:00.000Z,100,APPROVED,968c8a0043ffcba5804909876bdfb497cca72f8ce315fbf9565387e6cc5e1c37,2026-08-19T14:42:45.627Z
giftpop.vn,MP2502270002,[Giftpop] Phiếu quà tặng TOUS les JOURS 500K,"Với sự ra đời của cửa hàng đầu tiên tại Việt Nam vào năm 2007, chuỗi cửa hàng TOUS les JOURS khẳng định vị trí dẫn đầu trong phân khúc cao cấp bánh và cà phê của ngành công nghiệp thực phẩm.
Tên gọi “TOUS les JOURS” được bắt nguồn từ 1 cụm từ trong tiếng Pháp có nghĩa là “mỗi ngày”, chúng tôi hiểu rằng những chiếc bánh mới ra lò là những chiếc bánh ngon nhất. TOUS les JOURS đặc biệt chọn lọc những nguyên liệu tốt cho sức khỏe cũng như chú trọng sự tươi mới của từng sản phẩm khi đến tay khách hàng. TOUS les JOURS luôn ưu tiên là chất lượng sản phẩm đi kèm với dịch vụ, lấy khách hàng là trọng tâm, cam kết phát triển lâu dài và nâng cao chất lượng phục vụ người tiêu dùng Việt Nam. Với sự phát triển tại Việt Nam hiện nay hệ thống của TOUS les JOURS đã có mặt tại khắp các tỉnh thành.
Phiếu quà tặng TOUS les JOURS có giá trị tương đương tiền mặt, được dùng để thanh toán hóa đơn mua hàng tại cửa hàng. Phiếu quà tặng với nhiều mệnh giá sẽ là giải pháp hoàn hảo cho doanh nghiệp dùng tặng thưởng cho nhân viên, cũng sẽ là món quà ý nghĩa và thiết thực cho bạn dành tặng người thân, bạn bè nhân dịp lễ tết, sinh nhật...","• Mỗi voucher được sử dụng 01 lần, áp dụng nhiều voucher/ hóa đơn.
• Voucher chỉ áp dụng cho đơn hàng có giá trị bằng hoặc lớn hơn giá trị voucher. Không áp dụng cho đơn hàng có giá trị thấp hơn giá trị voucher.
• Không áp dụng cho giao dịch giao hàng tận nơi hoặc đặt hàng qua bên thứ ba.
• Voucher chỉ áp dụng cho mua sản phẩm với giá gốc, không kèm theo chương trình khuyến mãi nào khác tại cửa hàng và chương trình thẻ thành viên CJ Member.
• Không áp dụng voucher khi mua thẻ quà tặng của TOUS les JOURS (Gift Card).
• Không đổi được ra tiền mặt một phần hoặc toàn bộ, không hoàn trả hoặc bán lại được.
• Không chấp nhận mã voucher quá hạn sử dụng, trạng thái đã sử dụng.
• Nếu giá trị đơn hàng của khách hàng vượt quá giá trị của voucher thì khách hàng phải thanh toán thêm khoản chênh lệch đó.
• Khách hàng có trách nhiệm bảo mật thông tin mã thẻ quà tặng sau khi đặt mua. Giftpop sẽ không chịu trách nhiệm hoàn trả các mã thẻ bị mất hoặc ở trạng thái ""Đã sử dụng"" với bất kỳ lý do gì.
• Giftpop sẽ không chịu trách nhiệm đối với chất lượng sản phẩm hoặc dịch vụ được cung cấp cũng như đối với các tranh chấp về sau giữa khách hàng và nhà cung cấp.
• Giftpop có quyền sửa chữa hoặc thay đổi điều khoản và điều kiện sử dụng mà không thông báo trước.
• Hotline Giftpop: 1900 55 88 12",FOOD_DRINK,500000,485000,VND,https://img.giftpop.vn/brand/TOUSLESJOURS/MP2502270002_BASIC_origin.jpg,https://www.giftpop.vn/brandshop/view/MP2502270002,7,2026-09-27T17:00:00.000Z,2027-09-27T17:00:00.000Z,2026-09-27T17:00:00.000Z,2027-10-04T17:00:00.000Z,100,APPROVED,3bd6b03c7d4f2b60a6f94cdd2e8593c5d8b96b58f8149cfbc228d06868d4ae8e,2026-08-19T14:42:45.627Z
giftpop.vn,MP2205300001,Phiếu quà tặng Pizza 4P's 100k,"4P's có nghĩa ""For Peace"" - cho Hòa Bình tràn ngập trên toàn thế giới.
Tham vọng ở Pizza 4P's không chỉ đơn giản là ""Một nhà hàng Pizza tuyệt vời"" mà chúng tôi có một tầm nhìn lớn hơn thế nữa - Làm cho thế giới mỉm cười vì Hòa bình.
Phục vụ những món ăn ngon cho thực khách thưởng thức là một nghĩa vụ thiêng liêng của nhà hàng. Thêm vào đó, chúng tôi luôn cố gắng không chỉ là một nhà hàng đơn thuần mà điều chúng tôi mong muốn khi mỗi vị khách khi bước vào nhà hàng 4P’s đều cảm thấy phấn khích hơn, hạnh phúc trọn vẹn hơn. Mọi điều chúng tôi làm là luôn luôn hướng đến ""Mang lại WOW, Chia sẻ hạnh phúc"" cho tất cả mọi người.
Phiếu quà tặng Pizza 4P's có giá trị tương đương tiền mặt, được dùng để thanh toán hóa đơn mua hàng tại cửa hàng hoặc dịch vụ giao hàng tại Pizza 4P's. Phiếu quà tặng với nhiều mệnh giá sẽ là giải pháp hoàn hảo cho doanh nghiệp dùng tặng thưởng cho nhân viên, cũng sẽ là món quà ý nghĩa và thiết thực cho bạn dành tặng người thân, bạn bè nhân dịp lễ tết, sinh nhật...
Hướng dẫn sử dụng voucher trên website Pizza 4P's:
- Phiên bản máy tính Pizza 4P's
- Phiên bản điện thoại Pizza 4P's
1. Trên máy tính:
- Chọn sản phẩm cần mua cho vào Giỏ hàng
- Vào giỏ hàng, nhập mã voucher vào phần E-voucher. Bấm Use
- Nhập thông tin giao hàng
- Thanh toán phần tiền còn lại của Đơn hàng
2. Trên điện thoại:
- Chọn sản phẩm cần mua cho vào Giỏ hàng
- Vào giỏ hàng, nhập mã voucher vào phần Use your voucher. Bấm Use
- Nhập thông tin giao hàng
- Thanh toán phần tiền còn lại của Đơn hàng","• Voucher có thể áp dụng khi dùng bữa tại nhà hàng hoặc đặt hàng mang về trên website Pizza 4P’s.
• Voucher được áp dụng lễ Tết, nhà hàng phụ thu 15% phí dịch vụ.
• Với những trường khách hàng mua voucher ngoài các nền tảng không chính thống. Giftpop và Pizza 4PS sẽ không hỗ trợ. Mong quý khách thông cảm.
• Mỗi voucher được sử dụng 01 lần, có thể áp dụng nhiều voucher cho 01 hóa đơn.
• Voucher không có giá trị quy đổi thành tiền mặt, không được hoàn trả tiền thừa.
• Voucher quá hạn sử dụng hoặc ở trạng thái “đã sử dụng” sẽ không được chấp nhận thanh toán.
• Nếu giá trị đơn hàng vượt quá giá trị của voucher thì Quý khách sẽ thanh toán thêm cho khoản chênh lệch.
• Pizza 4P’s chịu trách nhiệm xuất hóa đơn tài chính khi Quý khách yêu cầu.
• Quý khách có trách nhiệm bảo mật thông tin mã thẻ quà tặng sau khi đặt mua. Giftpop và Pizza 4P’s sẽ không chịu trách nhiệm hoàn trả các mã thẻ bị mất hoặc ở trạng thái ""đã sử dụng"" với bất kỳ lý do gì.
• Giftpop sẽ không chịu trách nhiệm đối với chất lượng sản phẩm hoặc dịch vụ được cung cấp cũng như đối với các tranh chấp về sau giữa khách hàng và nhà cung cấp.
• Giftpop có quyền sửa chữa hoặc thay đổi điều khoản và điều kiện sử dụng mà không thông báo trước.
• Hotline Giftpop: 1900 55 88 12.",FOOD_DRINK,100000,97000,VND,https://img.giftpop.vn/brand/PIZZA4PS/MP2205300001_BASIC_origin.jpg,https://www.giftpop.vn/brandshop/view/MP2205300001,30,2026-09-23T17:00:00.000Z,2027-09-23T17:00:00.000Z,2026-09-23T17:00:00.000Z,2027-10-23T17:00:00.000Z,100,APPROVED,b21c44ab51f28965573efd0e9a7b4dc33de39da909a05499a5706918558d80d5,2026-08-19T14:42:45.627Z
giftpop.vn,MP2205300004,Phiếu quà tặng Pizza 4P's 500k,"4P's có nghĩa ""For Peace"" - cho Hòa Bình tràn ngập trên toàn thế giới.
Tham vọng ở Pizza 4P's không chỉ đơn giản là ""Một nhà hàng Pizza tuyệt vời"" mà chúng tôi có một tầm nhìn lớn hơn thế nữa - Làm cho thế giới mỉm cười vì Hòa bình.
Phục vụ những món ăn ngon cho thực khách thưởng thức là một nghĩa vụ thiêng liêng của nhà hàng. Thêm vào đó, chúng tôi luôn cố gắng không chỉ là một nhà hàng đơn thuần mà điều chúng tôi mong muốn khi mỗi vị khách khi bước vào nhà hàng 4P’s đều cảm thấy phấn khích hơn, hạnh phúc trọn vẹn hơn. Mọi điều chúng tôi làm là luôn luôn hướng đến ""Mang lại WOW, Chia sẻ hạnh phúc"" cho tất cả mọi người.
Phiếu quà tặng Pizza 4P's có giá trị tương đương tiền mặt, được dùng để thanh toán hóa đơn mua hàng tại cửa hàng hoặc dịch vụ giao hàng tại Pizza 4P's. Phiếu quà tặng với nhiều mệnh giá sẽ là giải pháp hoàn hảo cho doanh nghiệp dùng tặng thưởng cho nhân viên, cũng sẽ là món quà ý nghĩa và thiết thực cho bạn dành tặng người thân, bạn bè nhân dịp lễ tết, sinh nhật...
Hướng dẫn sử dụng voucher trên website Pizza 4P's:
- Phiên bản máy tính Pizza 4P's
- Phiên bản điện thoại Pizza 4P's
1. Trên máy tính:
- Chọn sản phẩm cần mua cho vào Giỏ hàng
- Vào giỏ hàng, nhập mã voucher vào phần E-voucher. Bấm Use
- Nhập thông tin giao hàng
- Thanh toán phần tiền còn lại của Đơn hàng
2. Trên điện thoại:
- Chọn sản phẩm cần mua cho vào Giỏ hàng
- Vào giỏ hàng, nhập mã voucher vào phần Use your voucher. Bấm Use
- Nhập thông tin giao hàng
- Thanh toán phần tiền còn lại của Đơn hàng","• Voucher có thể áp dụng khi dùng bữa tại nhà hàng hoặc đặt hàng mang về trên website Pizza 4P’s.
• Voucher được áp dụng lễ Tết, nhà hàng phụ thu 15% phí dịch vụ.
• Với những trường khách hàng mua voucher ngoài các nền tảng không chính thống. Giftpop và Pizza 4PS sẽ không hỗ trợ. Mong quý khách thông cảm.
• Mỗi voucher được sử dụng 01 lần, có thể áp dụng nhiều voucher cho 01 hóa đơn.
• Voucher không có giá trị quy đổi thành tiền mặt, không được hoàn trả tiền thừa.
• Voucher quá hạn sử dụng hoặc ở trạng thái “đã sử dụng” sẽ không được chấp nhận thanh toán.
• Nếu giá trị đơn hàng vượt quá giá trị của voucher thì Quý khách sẽ thanh toán thêm cho khoản chênh lệch.
• Pizza 4P’s chịu trách nhiệm xuất hóa đơn tài chính khi Quý khách yêu cầu.
• Quý khách có trách nhiệm bảo mật thông tin mã thẻ quà tặng sau khi đặt mua. Giftpop và Pizza 4P’s sẽ không chịu trách nhiệm hoàn trả các mã thẻ bị mất hoặc ở trạng thái ""đã sử dụng"" với bất kỳ lý do gì.
• Giftpop sẽ không chịu trách nhiệm đối với chất lượng sản phẩm hoặc dịch vụ được cung cấp cũng như đối với các tranh chấp về sau giữa khách hàng và nhà cung cấp.
• Giftpop có quyền sửa chữa hoặc thay đổi điều khoản và điều kiện sử dụng mà không thông báo trước.
• Hotline Giftpop: 1900 55 88 12.",FOOD_DRINK,500000,485000,VND,https://img.giftpop.vn/brand/PIZZA4PS/MP2205300004_BASIC_origin.jpg,https://www.giftpop.vn/brandshop/view/MP2205300004,7,2026-09-25T17:00:00.000Z,2027-09-25T17:00:00.000Z,2026-09-25T17:00:00.000Z,2027-10-02T17:00:00.000Z,100,APPROVED,dd99e7fe33e1b996c164f53b9f1ad24e9697f7246def5d96033a76b4aac2c5ce,2026-08-19T14:42:45.627Z
giftpop.vn,1PEMP2402560701,L-Chicken Burger,"Nếu bạn đang băn khoăn tìm kiếm một quán ăn giá cả ""hạt dẻ"", không gian thoáng mát, tiện nghi, đồ ăn ngon, phong phú lựa chọn, sạch sẽ, dù bạn đi ăn một mình, với bạn bè, người thân, hay không gian tổ chức một bữa tiệc nhỏ nhỏ xinh xinh... Lotteria là lựa chọn tuyệt vời nhất.
Voucher bạn có:
- 1 L-Chicken Burger","• Voucher không áp dụng hình thức đổi trả/ hủy/ hoàn tiền.
• Được sử dụng tối đa 5 voucher/ ngày/ hóa đơn.
• Không áp dụng đổi hàng cho đơn hàng số lượng lớn (theo quy định của Lotteria).
• Mỗi voucher chỉ được sử dụng 01 lần.
• Chỉ áp dụng cho một số sản phẩm nhất định.
• Trong trường hợp sản phẩm được chỉ định không có sẵn, khách hàng có thể lựa chọn các sản phẩm có cùng giá t.rị.
• Không đổi được ra tiền mặt một phần hoặc toàn bộ.
• Không hoàn trả hoặc bán lại được.
• Nếu giá tiền đơn đặt hàng của khách hàng vượt quá giá trị của voucher thì khách hàng phải thanh toán thêm số tiền chênh lệch đó.
• Voucher không áp dụng cho các chương trình khuyến mãi khác.
• Khách hàng có trách nhiệm bảo mật thông tin mã thẻ quà tặng sau khi đặt mua. Giftpop sẽ không chịu trách nhiệm hoàn trả các mã thẻ bị mất hoặc ở trạng thái ""đã sử dụng"" với bất kỳ lý do gì.
• Giftpop sẽ không chịu trách nhiệm đối với chất lượng của sản phẩm được cung cấp cũng như đối với các tranh chấp về sau giữa khách hàng và nhà cung cấp.
• Giftpop có quyền sửa chữa hoặc thay đổi điều khoản và điều kiện sử dụng mà không thông báo trước.
• Hotline Giftpop: 1900 55 88 12",FOOD_DRINK,50000,45000,VND,https://img.giftpop.vn/brand/LOTTERIA/1PEMP2402560701_BASIC_origin.jpg,https://www.giftpop.vn/brandshop/view/1PEMP2402560701,7,2026-09-25T17:00:00.000Z,2027-09-25T17:00:00.000Z,2026-09-25T17:00:00.000Z,2027-10-02T17:00:00.000Z,100,APPROVED,87cbeb08214d193cf8f9d858ae46111cd522a4ebf4aad341a554dc4cbc5cc02b,2026-08-19T14:42:45.627Z
giftpop.vn,1PEMP2425564001,Cheese Burger Set,"Nếu bạn đang băn khoăn tìm kiếm một quán ăn giá cả ""hạt dẻ"", không gian thoáng mát, tiện nghi, đồ ăn ngon, phong phú lựa chọn, sạch sẽ, dù bạn đi ăn một mình, với bạn bè, người thân, hay không gian tổ chức một bữa tiệc nhỏ nhỏ xinh xinh... Lotteria là lựa chọn tuyệt vời nhất.
Với voucher Cheese Burger Set bạn có:
- 01 Burger Cheese.
- 01 Pepsi (M).","• Voucher không áp dụng hình thức đổi trả/ hủy/ hoàn tiền.
• Được sử dụng tối đa 5 voucher/ ngày/ hóa đơn.
• Không áp dụng đổi hàng cho đơn hàng số lượng lớn (theo quy định của Lotteria).
• Mỗi voucher chỉ được sử dụng 01 lần.
• Chỉ áp dụng cho một số sản phẩm nhất định.
• Trong trường hợp sản phẩm được chỉ định không có sẵn, khách hàng có thể lựa chọn các sản phẩm có cùng giá trị.
• Không đổi được ra tiền mặt một phần hoặc toàn bộ.
• Không hoàn trả hoặc bán lại được.
• Nếu giá tiền đơn đặt hàng của khách hàng vượt quá giá trị của voucher thì khách hàng phải thanh toán thêm số tiền chênh lệch đó.
• Voucher không áp dụng cho các chương trình khuyến mãi khác.
• Khách hàng có trách nhiệm bảo mật thông tin mã thẻ quà tặng sau khi đặt mua. Giftpop sẽ không chịu trách nhiệm hoàn trả các mã thẻ bị mất hoặc ở trạng thái ""đã sử dụng"" với bất kỳ lý do gì.
• Giftpop sẽ không chịu trách nhiệm đối với chất lượng của sản phẩm được cung cấp cũng như đối với các tranh chấp về sau giữa khách hàng và nhà cung cấp.
• Giftpop có quyền sửa chữa hoặc thay đổi điều khoản và điều kiện sử dụng mà không thông báo trước.
• Hotline Giftpop: 1900 55 88 12",FOOD_DRINK,59000,53000,VND,https://img.giftpop.vn/brand/LOTTERIA/1PEMP2425564001_BASIC_origin.jpg,https://www.giftpop.vn/brandshop/view/1PEMP2425564001,30,2026-09-24T17:00:00.000Z,2027-09-24T17:00:00.000Z,2026-09-24T17:00:00.000Z,2027-10-24T17:00:00.000Z,100,APPROVED,d6c193930bb69e77f5d56b87a446ddd2b6bbb2c80141003ed8b490e08c683aca,2026-08-19T14:42:45.627Z
giftpop.vn,1PEMP2425559301,Combo Beef Spaghetti,"Nếu bạn đang băn khoăn tìm kiếm một quán ăn giá cả ""hạt dẻ"", không gian thoáng mát, tiện nghi, đồ ăn ngon, phong phú lựa chọn, sạch sẽ, dù bạn đi ăn một mình, với bạn bè, người thân, hay không gian tổ chức một bữa tiệc nhỏ nhỏ xinh xinh... Lotteria là lựa chọn tuyệt vời nhất.
Voucher bạn có:
- 1 Mỳ Ý thịt bò (S)
- 1 Pepsi (M)","• Voucher không áp dụng hình thức đổi trả/ hủy/ hoàn tiền.
• Được sử dụng tối đa 5 voucher/ ngày/ hóa đơn.
• Không áp dụng đổi hàng cho đơn hàng số lượng lớn (theo quy định của Lotteria).
• Mỗi voucher chỉ được sử dụng 01 lần.
• Chỉ áp dụng cho một số sản phẩm nhất định.
• Trong trường hợp sản phẩm được chỉ định không có sẵn, khách hàng có thể lựa chọn các sản phẩm có cùng giá t.rị.
• Không đổi được ra tiền mặt một phần hoặc toàn bộ.
• Không hoàn trả hoặc bán lại được.
• Nếu giá tiền đơn đặt hàng của khách hàng vượt quá giá trị của voucher thì khách hàng phải thanh toán thêm số tiền chênh lệch đó.
• Voucher không áp dụng cho các chương trình khuyến mãi khác.
• Khách hàng có trách nhiệm bảo mật thông tin mã thẻ quà tặng sau khi đặt mua. Giftpop sẽ không chịu trách nhiệm hoàn trả các mã thẻ bị mất hoặc ở trạng thái ""đã sử dụng"" với bất kỳ lý do gì.
• Giftpop sẽ không chịu trách nhiệm đối với chất lượng của sản phẩm được cung cấp cũng như đối với các tranh chấp về sau giữa khách hàng và nhà cung cấp.
• Giftpop có quyền sửa chữa hoặc thay đổi điều khoản và điều kiện sử dụng mà không thông báo trước.
• Hotline Giftpop: 1900 55 88 12",FOOD_DRINK,56000,50000,VND,https://img.giftpop.vn/brand/LOTTERIA/1PEMP2425559301_BASIC_origin.jpg,https://www.giftpop.vn/brandshop/view/1PEMP2425559301,45,2026-09-25T17:00:00.000Z,2027-09-25T17:00:00.000Z,2026-09-25T17:00:00.000Z,2027-11-09T17:00:00.000Z,100,APPROVED,5b47bb1d94118440eaa95f5891556936ac17dc56ed95e0e9895426c3b17c7ae2,2026-08-19T14:42:45.627Z
giftpop.vn,1PEMP2425141501,Burger Set,"Nếu bạn đang băn khoăn tìm kiếm một quán ăn giá cả ""hạt dẻ"", không gian thoáng mát, tiện nghi, đồ ăn ngon, phong phú lựa chọn, sạch sẽ, dù bạn đi ăn một mình, với bạn bè, người thân, hay không gian tổ chức một bữa tiệc nhỏ nhỏ xinh xinh... Lotteria là lựa chọn tuyệt vời nhất.
Voucher Burger Set bạn có:
- 1 Burger Tôm
- 1 Burger Bulgogi
- 1 Khoai Tây Lắc
- 2 Pepsi (M)","• Voucher không áp dụng hình thức đổi trả/ hủy/ hoàn tiền.
• Được sử dụng tối đa 5 voucher/ ngày/ hóa đơn.
• Không áp dụng đổi hàng cho đơn hàng số lượng lớn (theo quy định của Lotteria).
• Mỗi voucher chỉ được sử dụng 01 lần.
• Chỉ áp dụng cho một số sản phẩm nhất định.
• Trong trường hợp sản phẩm được chỉ định không có sẵn, khách hàng có thể lựa chọn các sản phẩm có cùng giá trị.
• Không đổi được ra tiền mặt một phần hoặc toàn bộ.
• Không hoàn trả hoặc bán lại được.
• Nếu giá tiền đơn đặt hàng của khách hàng vượt quá giá trị của voucher thì khách hàng phải thanh toán thêm số tiền chênh lệch đó.
• Voucher không áp dụng cho các chương trình khuyến mãi khác.
• Khách hàng có trách nhiệm bảo mật thông tin mã thẻ quà tặng sau khi đặt mua. Giftpop sẽ không chịu trách nhiệm hoàn trả các mã thẻ bị mất hoặc ở trạng thái ""đã sử dụng"" với bất kỳ lý do gì.
• Giftpop sẽ không chịu trách nhiệm đối với chất lượng của sản phẩm được cung cấp cũng như đối với các tranh chấp về sau giữa khách hàng và nhà cung cấp.
• Giftpop có quyền sửa chữa hoặc thay đổi điều khoản và điều kiện sử dụng mà không thông báo trước.
• Hotline Giftpop: 1900 55 88 12",FOOD_DRINK,163000,146000,VND,https://img.giftpop.vn/brand/LOTTERIA/1PEMP2425141501_BASIC_origin.jpg,https://www.giftpop.vn/brandshop/view/1PEMP2425141501,45,2026-09-21T17:00:00.000Z,2027-09-21T17:00:00.000Z,2026-09-21T17:00:00.000Z,2027-11-05T17:00:00.000Z,100,APPROVED,67946553a238940590add921b1719624f68b47653d6e63637116bdb49c3f1582,2026-08-19T14:42:45.627Z
giftpop.vn,MP2106220021,Phiếu quà tặng Dottie 1000k,"Thành lập vào năm 2013, chúng tôi tự hào là một trong những thương hiệu thời trang thiết kế đầu tiên của người Việt trẻ. Khởi đầu với mong muốn được mang đến phong cách thời trang xu hướng mới mẻ, phù hợp nhiều cá tính thời trang và đề cao tính ứng dụng.
Đến nay, Dottie trở thành điểm hẹn thời trang quen thuộc và là người bạn thân thiết trong tủ đồ của các cô gái.
Phiếu quà tặng Dottie với nhiều mệnh giá sẽ là giải pháp hoàn hảo cho doanh nghiệp dùng tặng hoặc thưởng cho nhân viên, cũng sẽ là món quà ý nghĩa và thiết thực cho bạn dành tặng người thân, bạn bè nhân dịp lễ tết, sinh nhật...","• Voucher sử dụng trực tiếp tại cửa hàng, hoặc đặt hàng online thông qua Inbox Fanpage Dottie hoặc Instagram Dottie.
• Cửa chịu trách nhiệm xuất hóa đơn tài chính cho khách hàng.
• Mỗi voucher sử dụng 01 lần, được áp dụng nhiều voucher cho 01 đơn hàng.
• Được áp dụng với các ưu đãi khác tại cửa hàng.
• Không có giá trị quy đổi thành tiền mặt, không được hoàn trả tiền thừa.
• Không chấp nhận mã voucher quá hạn sử dụng, trạng thái đã sử dụng.
• Voucher không hoàn trả hoặc bán lại được.
• Nếu giá trị đơn hàng của khách hàng vượt quá giá trị của voucher thì khách hàng phải thanh toán thêm khoản chênh lệch đó.
• Khách hàng có trách nhiệm bảo mật thông tin mã thẻ quà tặng sau khi đặt mua. Giftpop sẽ không chịu trách nhiệm hoàn trả các mã thẻ bị mất hoặc ở trạng thái ""Đã sử dụng"" với bất kỳ lý do gì.
• Giftpop sẽ không chịu trách nhiệm đối với chất lượng sản phẩm hoặc dịch vụ được cung cấp cũng như đối với các tranh chấp về sau giữa khách hàng và nhà cung cấp.
• Giftpop có quyền sửa chữa hoặc thay đổi điều khoản và điều kiện sử dụng mà không thông báo trước.
• Hạn sử dụng: 90 ngày kể từ ngày mua.
• Hotline Giftpop: 1900 55 88 12",SHOPPING_RETAIL,1000000,950000,VND,https://img.giftpop.vn/brand/DOTTIE/MP2106220021_BASIC_origin.jpg,https://www.giftpop.vn/brandshop/view/MP2106220021,30,2026-09-23T17:00:00.000Z,2027-09-23T17:00:00.000Z,2026-09-23T17:00:00.000Z,2027-10-23T17:00:00.000Z,100,APPROVED,cec04237f73be4c42b6938e6478e20c1b74503bf07283f960b5a42d76cdcc649,2026-08-19T14:42:45.627Z
giftpop.vn,MP2106220019,Phiếu quà tặng Dottie 200k,"Thành lập vào năm 2013, chúng tôi tự hào là một trong những thương hiệu thời trang thiết kế đầu tiên của người Việt trẻ. Khởi đầu với mong muốn được mang đến phong cách thời trang xu hướng mới mẻ, phù hợp nhiều cá tính thời trang và đề cao tính ứng dụng.
Đến nay, Dottie trở thành điểm hẹn thời trang quen thuộc và là người bạn thân thiết trong tủ đồ của các cô gái.
Phiếu quà tặng Dottie với nhiều mệnh giá sẽ là giải pháp hoàn hảo cho doanh nghiệp dùng tặng hoặc thưởng cho nhân viên, cũng sẽ là món quà ý nghĩa và thiết thực cho bạn dành tặng người thân, bạn bè nhân dịp lễ tết, sinh nhật...","• Voucher sử dụng trực tiếp tại cửa hàng, hoặc đặt hàng online thông qua Inbox Fanpage Dottie hoặc Instagram Dottie.
• Cửa chịu trách nhiệm xuất hóa đơn tài chính cho khách hàng.
• Mỗi voucher sử dụng 01 lần, được áp dụng nhiều voucher cho 01 đơn hàng.
• Được áp dụng với các ưu đãi khác tại cửa hàng.
• Không có giá trị quy đổi thành tiền mặt, không được hoàn trả tiền thừa.
• Không chấp nhận mã voucher quá hạn sử dụng, trạng thái đã sử dụng.
• Voucher không hoàn trả hoặc bán lại được.
• Nếu giá trị đơn hàng của khách hàng vượt quá giá trị của voucher thì khách hàng phải thanh toán thêm khoản chênh lệch đó.
• Khách hàng có trách nhiệm bảo mật thông tin mã thẻ quà tặng sau khi đặt mua. Giftpop sẽ không chịu trách nhiệm hoàn trả các mã thẻ bị mất hoặc ở trạng thái ""Đã sử dụng"" với bất kỳ lý do gì.
• Giftpop sẽ không chịu trách nhiệm đối với chất lượng sản phẩm hoặc dịch vụ được cung cấp cũng như đối với các tranh chấp về sau giữa khách hàng và nhà cung cấp.
• Giftpop có quyền sửa chữa hoặc thay đổi điều khoản và điều kiện sử dụng mà không thông báo trước.
• Hạn sử dụng: 90 ngày kể từ ngày mua.
• Hotline Giftpop: 1900 55 88 12",SHOPPING_RETAIL,200000,190000,VND,https://img.giftpop.vn/brand/DOTTIE/MP2106220019_BASIC_origin.jpg,https://www.giftpop.vn/brandshop/view/MP2106220019,30,2026-09-20T17:00:00.000Z,2027-09-20T17:00:00.000Z,2026-09-20T17:00:00.000Z,2027-10-20T17:00:00.000Z,100,APPROVED,1632b8d59480799a96f3f184a3d230070e0a40a9b9b45486c24b4e8fd99445e7,2026-08-19T14:42:45.627Z
giftpop.vn,MP2106220017,Phiếu quà tặng Dottie 50k,"Thành lập vào năm 2013, chúng tôi tự hào là một trong những thương hiệu thời trang thiết kế đầu tiên của người Việt trẻ. Khởi đầu với mong muốn được mang đến phong cách thời trang xu hướng mới mẻ, phù hợp nhiều cá tính thời trang và đề cao tính ứng dụng.
Đến nay, Dottie trở thành điểm hẹn thời trang quen thuộc và là người bạn thân thiết trong tủ đồ của các cô gái.
Phiếu quà tặng Dottie với nhiều mệnh giá sẽ là giải pháp hoàn hảo cho doanh nghiệp dùng tặng hoặc thưởng cho nhân viên, cũng sẽ là món quà ý nghĩa và thiết thực cho bạn dành tặng người thân, bạn bè nhân dịp lễ tết, sinh nhật...","• Voucher sử dụng trực tiếp tại cửa hàng, hoặc đặt hàng online thông qua Inbox Fanpage Dottie hoặc Instagram Dottie.
• Cửa chịu trách nhiệm xuất hóa đơn tài chính cho khách hàng.
• Mỗi voucher sử dụng 01 lần, được áp dụng nhiều voucher cho 01 đơn hàng.
• Được áp dụng với các ưu đãi khác tại cửa hàng.
• Không có giá trị quy đổi thành tiền mặt, không được hoàn trả tiền thừa.
• Không chấp nhận mã voucher quá hạn sử dụng, trạng thái đã sử dụng.
• Voucher không hoàn trả hoặc bán lại được.
• Nếu giá trị đơn hàng của khách hàng vượt quá giá trị của voucher thì khách hàng phải thanh toán thêm khoản chênh lệch đó.
• Khách hàng có trách nhiệm bảo mật thông tin mã thẻ quà tặng sau khi đặt mua. Giftpop sẽ không chịu trách nhiệm hoàn trả các mã thẻ bị mất hoặc ở trạng thái ""Đã sử dụng"" với bất kỳ lý do gì.
• Giftpop sẽ không chịu trách nhiệm đối với chất lượng sản phẩm hoặc dịch vụ được cung cấp cũng như đối với các tranh chấp về sau giữa khách hàng và nhà cung cấp.
• Giftpop có quyền sửa chữa hoặc thay đổi điều khoản và điều kiện sử dụng mà không thông báo trước.
• Hạn sử dụng: 90 ngày kể từ ngày mua.
• Hotline Giftpop: 1900 55 88 12",SHOPPING_RETAIL,50000,47500,VND,https://img.giftpop.vn/brand/DOTTIE/MP2106220017_BASIC_origin.jpg,https://www.giftpop.vn/brandshop/view/MP2106220017,45,2026-09-26T17:00:00.000Z,2027-09-26T17:00:00.000Z,2026-09-26T17:00:00.000Z,2027-11-10T17:00:00.000Z,100,APPROVED,00219a76659a6559c93041db5456ceeeb07a0ee6e6a6260d1a070facf81d77ac,2026-08-19T14:42:45.627Z
giftpop.vn,MP2106150005,Phiếu quà tặng Bác Tôm 500k,"""Hôm nay ăn gì?"" tuy là câu hỏi không khó nhưng chắc hẳn đã làm đau đầu không ít các bà nội trợ trong các bữa cơm hàng ngày, vì phải đứng trước thị trường thực phẩm nơi mà ""vàng thau lẫn lộn"" không biết mua gì để đảm bảo sức khỏe cho gia đình. Đến với Bác Tôm, mọi người không còn lo về thực phẩm bẩn, thực phẩm không đảm bảo chất lượng, Bác Tôm sẽ đem đến cho khách hàng những sản phẩm sạch, an toàn cho sức khỏe.
Hiện tại hệ thống cửa hàng Bác Tôm cung ứng những thực phẩm thiết yếu như:
- Trái cây sạch
- Thịt cá dân dã
- Hải sản
- Thực phẩm chế biến sẵn
- Thực phẩm khô...
Phiếu quà tặng tiền mặt Bác Tôm do Giftpop phát hành với nhiều mệnh giá từ 100k đến 500k sẽ là giải pháp hoàn hảo cho công ty tặng hoặc thưởng cho nhân viên, cũng sẽ là món quà ý nghĩa và thiết thực cho bạn dành tặng cho bạn bè, người thân... Phiếu quà tặng tiền mặt áp dụng để mua được tất cả các sản phẩm tại cửa hàng một cách nhanh chóng, sử dụng dễ dàng, lan tỏa yêu thương.","• Mỗi voucher chỉ được sử dụng 01 lần, có thể áp dụng nhiều voucher cho 01 đơn hàng.
• Không có giá trị quy đổi thành tiền mặt, không được hoàn trả tiền thừa.
• Không hoàn trả hoặc bán lại được.
• Nếu giá tiền đơn đặt hàng của khách hàng vượt quá giá trị của voucher thì khách hàng phải thanh toán thêm số tiền chênh lệch đó.
• Voucher chưa bao gồm VAT, Bac Tom sẽ chịu trách nhiệm xuất hóa đơn tài chính khi khách hàng yêu cầu.
• Áp dụng cho toàn bộ sản phẩm của Bac Tom trên toàn quốc.
• Áp dụng đồng thời cùng các chương trình khuyến mãi khác.
• Áp dụng trong các dịp Lễ, Tết trong năm.
• Khách hàng có trách nhiệm bảo mật thông tin mã thẻ quà tặng sau khi đặt mua. Giftpop sẽ không chịu trách nhiệm hoàn trả các mã thẻ bị mất hoặc ở trạng thái ""đã sử dụng"" với bất kỳ lý do gì.
• Giftpop sẽ không chịu trách nhiệm đối với chất lượng của sản phẩm được cung cấp cũng như đối với các tranh chấp về sau giữa khách hàng và nhà cung cấp.
• Giftpop có quyền sửa chữa hoặc thay đổi điều khoản và điều kiện sử dụng mà không thông báo trước.
• Hotline Giftpop: 1900 55 88 12",SHOPPING_RETAIL,500000,485000,VND,https://img.giftpop.vn/brand/BACTOM/MP2106150005_BASIC_origin.jpg,https://www.giftpop.vn/brandshop/view/MP2106150005,30,2026-09-19T17:00:00.000Z,2027-09-19T17:00:00.000Z,2026-09-19T17:00:00.000Z,2027-10-19T17:00:00.000Z,100,APPROVED,282c151505c3d87f6bd2d0b274ab0f8b9a87eb99c4bfceecd9b36125e7e970f1,2026-08-19T14:42:45.627Z
giftpop.vn,MP2106150004,Phiếu quà tặng Bác Tôm 200k,"""Hôm nay ăn gì?"" tuy là câu hỏi không khó nhưng chắc hẳn đã làm đau đầu không ít các bà nội trợ trong các bữa cơm hàng ngày, vì phải đứng trước thị trường thực phẩm nơi mà ""vàng thau lẫn lộn"" không biết mua gì để đảm bảo sức khỏe cho gia đình. Đến với Bác Tôm, mọi người không còn lo về thực phẩm bẩn, thực phẩm không đảm bảo chất lượng, Bác Tôm sẽ đem đến cho khách hàng những sản phẩm sạch, an toàn cho sức khỏe.
Hiện tại hệ thống cửa hàng Bác Tôm cung ứng những thực phẩm thiết yếu như:
- Trái cây sạch
- Thịt cá dân dã
- Hải sản
- Thực phẩm chế biến sẵn
- Thực phẩm khô...
Phiếu quà tặng tiền mặt Bác Tôm do Giftpop phát hành với nhiều mệnh giá từ 100k đến 500k sẽ là giải pháp hoàn hảo cho công ty tặng hoặc thưởng cho nhân viên, cũng sẽ là món quà ý nghĩa và thiết thực cho bạn dành tặng cho bạn bè, người thân... Phiếu quà tặng tiền mặt áp dụng để mua được tất cả các sản phẩm tại cửa hàng một cách nhanh chóng, sử dụng dễ dàng, lan tỏa yêu thương.","• Mỗi voucher chỉ được sử dụng 01 lần, có thể áp dụng nhiều voucher cho 01 đơn hàng.
• Không có giá trị quy đổi thành tiền mặt, không được hoàn trả tiền thừa.
• Không hoàn trả hoặc bán lại được.
• Nếu giá tiền đơn đặt hàng của khách hàng vượt quá giá trị của voucher thì khách hàng phải thanh toán thêm số tiền chênh lệch đó.
• Voucher chưa bao gồm VAT, Bác Tôm sẽ chịu trách nhiệm xuất hóa đơn tài chính khi khách hàng yêu cầu.
• Áp dụng cho toàn bộ sản phẩm của Bác Tôm trên toàn quốc.
• Áp dụng đồng thời cùng các chương trình khuyến mãi khác.
• Áp dụng trong các dịp Lễ, Tết trong năm.
• Khách hàng có trách nhiệm bảo mật thông tin mã thẻ quà tặng sau khi đặt mua. Giftpop sẽ không chịu trách nhiệm hoàn trả các mã thẻ bị mất hoặc ở trạng thái ""đã sử dụng"" với bất kỳ lý do gì.
• Giftpop sẽ không chịu trách nhiệm đối với chất lượng của sản phẩm được cung cấp cũng như đối với các tranh chấp về sau giữa khách hàng và nhà cung cấp.
• Giftpop có quyền sửa chữa hoặc thay đổi điều khoản và điều kiện sử dụng mà không thông báo trước.
• Hotline Giftpop: 1900 55 88 12",SHOPPING_RETAIL,200000,194000,VND,https://img.giftpop.vn/brand/BACTOM/MP2106150004_BASIC_origin.jpg,https://www.giftpop.vn/brandshop/view/MP2106150004,45,2026-09-22T17:00:00.000Z,2027-09-22T17:00:00.000Z,2026-09-22T17:00:00.000Z,2027-11-06T17:00:00.000Z,100,APPROVED,2265c44f6ac718f115db36b7fcf6ab45ffea8cc7ab19316e251642d217d043ea,2026-08-19T14:42:45.627Z
giftpop.vn,MP2106150003,Phiếu quà tặng Bác Tôm 100k,"""Hôm nay ăn gì?"" tuy là câu hỏi không khó nhưng chắc hẳn đã làm đau đầu không ít các bà nội trợ trong các bữa cơm hàng ngày, vì phải đứng trước thị trường thực phẩm nơi mà ""vàng thau lẫn lộn"" không biết mua gì để đảm bảo sức khỏe cho gia đình. Đến với Bác Tôm, mọi người không còn lo về thực phẩm bẩn, thực phẩm không đảm bảo chất lượng, Bác Tôm sẽ đem đến cho khách hàng những sản phẩm sạch, an toàn cho sức khỏe.
Hiện tại hệ thống cửa hàng Bác Tôm cung ứng những thực phẩm thiết yếu như:
- Trái cây sạch
- Thịt cá dân dã
- Hải sản
- Thực phẩm chế biến sẵn
- Thực phẩm khô...
Phiếu quà tặng tiền mặt Bác Tôm do Giftpop phát hành với nhiều mệnh giá từ 100k đến 500k sẽ là giải pháp hoàn hảo cho công ty tặng hoặc thưởng cho nhân viên, cũng sẽ là món quà ý nghĩa và thiết thực cho bạn dành tặng cho bạn bè, người thân... Phiếu quà tặng tiền mặt áp dụng để mua được tất cả các sản phẩm tại cửa hàng một cách nhanh chóng, sử dụng dễ dàng, lan tỏa yêu thương.","• Mỗi voucher chỉ được sử dụng 01 lần, có thể áp dụng nhiều voucher cho 01 đơn hàng.
• Không có giá trị quy đổi thành tiền mặt, không được hoàn trả tiền thừa.
• Không hoàn trả hoặc bán lại được.
• Nếu giá tiền đơn đặt hàng của khách hàng vượt quá giá trị của voucher thì khách hàng phải thanh toán thêm số tiền chênh lệch đó.
• Voucher chưa bao gồm VAT, Bác Tôm sẽ chịu trách nhiệm xuất hóa đơn tài chính khi khách hàng yêu cầu.
• Áp dụng cho toàn bộ sản phẩm của Bác Tôm trên toàn quốc.
• Áp dụng đồng thời cùng các chương trình khuyến mãi khác.
• Áp dụng trong các dịp Lễ, Tết trong năm.
• Khách hàng có trách nhiệm bảo mật thông tin mã thẻ quà tặng sau khi đặt mua. Giftpop sẽ không chịu trách nhiệm hoàn trả các mã thẻ bị mất hoặc ở trạng thái ""đã sử dụng"" với bất kỳ lý do gì.
• Giftpop sẽ không chịu trách nhiệm đối với chất lượng của sản phẩm được cung cấp cũng như đối với các tranh chấp về sau giữa khách hàng và nhà cung cấp.
• Giftpop có quyền sửa chữa hoặc thay đổi điều khoản và điều kiện sử dụng mà không thông báo trước.
• Hotline Giftpop: 1900 55 88 12",SHOPPING_RETAIL,100000,97000,VND,https://img.giftpop.vn/brand/BACTOM/MP2106150003_BASIC_origin.jpg,https://www.giftpop.vn/brandshop/view/MP2106150003,30,2026-09-26T17:00:00.000Z,2027-09-26T17:00:00.000Z,2026-09-26T17:00:00.000Z,2027-10-26T17:00:00.000Z,100,APPROVED,36dfe2f7e35a7acdfe86933ab098f0a13c351d9231e1a988e9116194615306b0,2026-08-19T14:42:45.627Z
giftpop.vn,MP2008260022,Phiếu quà tặng K-Market 500k,"Phiếu quà tặng K-Market với nhiều mệnh giá sẽ là giải pháp hoàn hảo cho doanh nghiệp dùng tặng hoặc thưởng cho nhân viên, cũng sẽ là món quà ý nghĩa và thiết thực cho bạn dành tặng cho bạn bè, người thân mỗi dịp lễ tết, sinh nhật… Phiếu quà tặng tiền mặt áp dụng để mua được tất cả các sản phẩm tại cửa hàng một cách nhanh chóng, sử dụng dễ dàng, lan tỏa yêu thương.
Các sản phẩm tại K-Market hầu hết được nhập khẩu trực tiếp từ Hàn Quốc, đảm bảo vệ sinh, an toàn cho sức khỏe người tiêu dùng, ngoài ra với gần 10.000 mặt hàng tại K-Market làm phong phú cho sự lựa chọn khách hàng.","• Để sử dụng voucher khách hàng vui lòng mua hàng hóa bằng hoặc nhiều hơn giá trị của Voucher.
• Không áp dụng voucher để mua bia Tiger.
• Sản phẩm khách hàng mua có thể bị giới hạn tùy theo tình hình hàng hóa có sẵn tại cửa hàng. Để mua đơn hàng số lượng lớn, khách hàng vui lòng liên hệ Giftpop để được hỗ trợ.
• Mỗi voucher chỉ được sử dụng 01 lần, có thể áp dụng được nhiều voucher trên hóa đơn.
• Voucher không áp dụng hình thức hủy/ đổi/ trả/ hoàn tiền.
• Không đổi được ra tiền mặt một phần hoặc toàn bộ.
• Không hoàn trả hoặc bán lại được, không hoàn/ hủy voucher sau khi sử dụng thành công.
• Không áp dụng với chương trình tích điểm Membership của K Market.
• Không áp dụng với các chương trình giảm giá khác khi thanh toán bằng thẻ.
• Không áp dụng với các chương trình khuyến mãi khác tại cửa hàng.
• Có thể áp dụng cùng với Phiếu Quà Tặng giấy của K Market.
• Giá trị đơn hàng thanh toán phải cao hơn giá trị của Voucher.
• Nếu giá tiền đơn đặt hàng của khách hàng vượt quá giá trị của voucher thì khách hàng phải thanh toán thêm số tiền chênh lệch đó.
• K-Market sẽ xuất hóa đơn VAT khi khách hàng có yêu cầu.
• Khách hàng có trách nhiệm bảo mật thông tin mã thẻ quà tặng sau khi đặt mua. Giftpop sẽ không chịu trách nhiệm hoàn trả các mã thẻ bị mất hoặc ở trạng thái ""đã sử dụng"" với bất kỳ lý do gì.
• Giftpop sẽ không chịu trách nhiệm đối với chất lượng của sản phẩm được cung cấp cũng như đối với các tranh chấp về sau giữa khách hàng và nhà cung cấp.
• Giftpop có quyền sửa chữa hoặc thay đổi điều khoản và điều kiện sử dụng mà không thông báo trước.
• Hạn sử dụng: 90 ngày kể từ ngày mua.
• Hotline Giftpop: 1900 55 88 12",SHOPPING_RETAIL,500000,485000,VND,https://img.giftpop.vn/brand/KMARKET/MP2008260022_BASIC_origin.jpg,https://www.giftpop.vn/brandshop/view/MP2008260022,45,2026-09-23T17:00:00.000Z,2027-09-23T17:00:00.000Z,2026-09-23T17:00:00.000Z,2027-11-07T17:00:00.000Z,100,APPROVED,ec9964af5927502eb7d53665b2d9a9baec8d4c2aab7c4751d36bb62d0e95f48e,2026-08-19T14:42:45.627Z
giftpop.vn,MP2008260020,Phiếu quà tặng K-Market 100k,"Phiếu quà tặng K-Market với nhiều mệnh giá sẽ là giải pháp hoàn hảo cho doanh nghiệp dùng tặng hoặc thưởng cho nhân viên, cũng sẽ là món quà ý nghĩa và thiết thực cho bạn dành tặng cho bạn bè, người thân mỗi dịp lễ tết, sinh nhật… Phiếu quà tặng tiền mặt áp dụng để mua được tất cả các sản phẩm tại cửa hàng một cách nhanh chóng, sử dụng dễ dàng, lan tỏa yêu thương.
Các sản phẩm tại K-Market hầu hết được nhập khẩu trực tiếp từ Hàn Quốc, đảm bảo vệ sinh, an toàn cho sức khỏe người tiêu dùng, ngoài ra với gần 10.000 mặt hàng tại K-Market làm phong phú cho sự lựa chọn khách hàng.","• Để sử dụng voucher khách hàng vui lòng mua hàng hóa bằng hoặc nhiều hơn giá trị của Voucher.
• Không áp dụng voucher để mua bia Tiger.
• Sản phẩm khách hàng mua có thể bị giới hạn tùy theo tình hình hàng hóa có sẵn tại cửa hàng. Để mua đơn hàng số lượng lớn, khách hàng vui lòng liên hệ Giftpop để được hỗ trợ.
• Mỗi voucher chỉ được sử dụng 01 lần, có thể áp dụng được nhiều voucher trên hóa đơn.
• Voucher không áp dụng hình thức hủy/ đổi/ trả/ hoàn tiền.
• Không đổi được ra tiền mặt một phần hoặc toàn bộ.
• Không hoàn trả hoặc bán lại được, không hoàn/ hủy voucher sau khi sử dụng thành công.
• Không áp dụng với chương trình tích điểm Membership của K Market.
• Không áp dụng với các chương trình giảm giá khác khi thanh toán bằng thẻ.
• Không áp dụng với các chương trình khuyến mãi khác tại cửa hàng.
• Có thể áp dụng cùng với Phiếu Quà Tặng giấy của K Market.
• Giá trị đơn hàng thanh toán phải cao hơn giá trị của Voucher.
• Nếu giá tiền đơn đặt hàng của khách hàng vượt quá giá trị của voucher thì khách hàng phải thanh toán thêm số tiền chênh lệch đó.
• K-Market sẽ xuất hóa đơn VAT khi khách hàng có yêu cầu.
• Khách hàng có trách nhiệm bảo mật thông tin mã thẻ quà tặng sau khi đặt mua. Giftpop sẽ không chịu trách nhiệm hoàn trả các mã thẻ bị mất hoặc ở trạng thái ""đã sử dụng"" với bất kỳ lý do gì.
• Giftpop sẽ không chịu trách nhiệm đối với chất lượng của sản phẩm được cung cấp cũng như đối với các tranh chấp về sau giữa khách hàng và nhà cung cấp.
• Giftpop có quyền sửa chữa hoặc thay đổi điều khoản và điều kiện sử dụng mà không thông báo trước.
• Hạn sử dụng: 90 ngày kể từ ngày mua.
• Hotline Giftpop: 1900 55 88 12",SHOPPING_RETAIL,100000,97000,VND,https://img.giftpop.vn/brand/KMARKET/MP2008260020_BASIC_origin.jpg,https://www.giftpop.vn/brandshop/view/MP2008260020,7,2026-09-23T17:00:00.000Z,2027-09-23T17:00:00.000Z,2026-09-23T17:00:00.000Z,2027-09-30T17:00:00.000Z,100,APPROVED,185dc295b69a19389bbc7e842af5e1ccdff0c10bbfde73321e4c24a6027d8a6c,2026-08-19T14:42:45.627Z
giftpop.vn,MP2306010012,Phiếu Quà Tặng Trị Liệu Trẻ Em (60 phút),"Chào mừng bạn đến với Coco Spa - cửa hàng Spa cao cấp tại quận 1, nơi cung cấp những trải nghiệm thư giãn tuyệt vời và phụ hồi sức khỏe toàn diện. Từ những người sáng lập là những chuyên gia về spa và mỹ phẩm đến từ Hàn Quốc, chúng tôi tự hào mang đến cho khách hàng những dịch vụ tuyệt vời như massage, treatment và sauna theo các tiêu chuẩn Hàn Quốc mới nhất hiện nay.
• Voucher bạn có:
- 01 Phiếu quà tặng trị liệu trẻ em (60 phút)
• Thông tin đặt chỗ:
- Hotline: 0707110382
- Kakao ID: Cocospahcm
- Email: saigon.cocospa@gmail.com","• Mỗi voucher chỉ được sử dụng 01 lần có thể áp dụng được nhiều voucher cho 01 đơn hàng.
• Không có giá trị quy đổi thành tiền mặt, không được hoàn trả tiền thừa.
• Không hoàn trả hoặc bán lại được.
• Tất cả các gói Massage trị liệu đều kèm theo dịch vụ sauna 60 phút.
• Giá sản phẩm đã bao gồm VAT, Spa sẽ chịu trách nhiệm xuất hóa đơn VAT khi khách hàng yêu cầu.
• Nếu giá tiền đơn đặt hàng của khách hàng vượt quá giá trị của voucher thì khách hàng phải thanh toán thêm số tiền chênh lệch đó.
• Voucher chỉ áp dụng cho một số hàng hóa, dịch vụ nhất định.
• Khách hàng có trách nhiệm bảo mật thông tin mã thẻ quà tặng sau khi đặt mua. Giftpop sẽ không chịu trách nhiệm hoàn trả các mã thẻ bị mất hoặc ở trạng thái ""Đã sử dụng"" với bất kỳ lý do gì.
• Giftpop sẽ không chịu trách nhiệm đối với chất lượng sản phẩm hoặc dịch vụ được cung cấp cũng như đối với các tranh chấp về sau giữa khách hàng và nhà cung cấp.
• Giftpop có quyền sửa chữa hoặc thay đổi điều khoản và điều kiện sử dụng mà không thông báo trước.
• Hotline Giftpop: 1900 55 88 12.",BEAUTY_HEALTH,500000,460000,VND,https://img.giftpop.vn/brand/COCOSPA/MP2306010012_BASIC_origin.jpg,https://www.giftpop.vn/brandshop/view/MP2306010012,30,2026-09-20T17:00:00.000Z,2027-09-20T17:00:00.000Z,2026-09-20T17:00:00.000Z,2027-10-20T17:00:00.000Z,100,APPROVED,f665b833a117154a3c910b1c3f479a205804da579199537f82ca18164d5562d0,2026-08-19T14:42:45.627Z
giftpop.vn,MP2306010010,Phiếu Quà Tặng Trị Liệu Chân (90 phút),"Chào mừng bạn đến với Coco Spa - cửa hàng Spa cao cấp tại quận 1, nơi cung cấp những trải nghiệm thư giãn tuyệt vời và phụ hồi sức khỏe toàn diện. Từ những người sáng lập là những chuyên gia về spa và mỹ phẩm đến từ Hàn Quốc, chúng tôi tự hào mang đến cho khách hàng những dịch vụ tuyệt vời như massage, treatment và sauna theo các tiêu chuẩn Hàn Quốc mới nhất hiện nay.
• Voucher bạn có:
- 01 Phiếu quà tặng trị liệu chân (90 phút)
• Thông tin đặt chỗ:
- Hotline: 0707110382
- Kakao ID: Cocospahcm
- Email: saigon.cocospa@gmail.com","• Mỗi voucher chỉ được sử dụng 01 lần có thể áp dụng được nhiều voucher cho 01 đơn hàng.
• Không có giá trị quy đổi thành tiền mặt, không được hoàn trả tiền thừa.
• Không hoàn trả hoặc bán lại được.
• Tất cả các gói Massage trị liệu đều kèm theo dịch vụ sauna 60 phút.
• Giá sản phẩm đã bao gồm VAT, Spa sẽ chịu trách nhiệm xuất hóa đơn VAT khi khách hàng yêu cầu.
• Nếu giá tiền đơn đặt hàng của khách hàng vượt quá giá trị của voucher thì khách hàng phải thanh toán thêm số tiền chênh lệch đó.
• Voucher chỉ áp dụng cho một số hàng hóa, dịch vụ nhất định.
• Khách hàng có trách nhiệm bảo mật thông tin mã thẻ quà tặng sau khi đặt mua. Giftpop sẽ không chịu trách nhiệm hoàn trả các mã thẻ bị mất hoặc ở trạng thái ""Đã sử dụng"" với bất kỳ lý do gì.
• Giftpop sẽ không chịu trách nhiệm đối với chất lượng sản phẩm hoặc dịch vụ được cung cấp cũng như đối với các tranh chấp về sau giữa khách hàng và nhà cung cấp.
• Giftpop có quyền sửa chữa hoặc thay đổi điều khoản và điều kiện sử dụng mà không thông báo trước.
• Hotline Giftpop: 1900 55 88 12.",BEAUTY_HEALTH,750000,680000,VND,https://img.giftpop.vn/brand/COCOSPA/MP2306010010_BASIC_origin.jpg,https://www.giftpop.vn/brandshop/view/MP2306010010,30,2026-09-22T17:00:00.000Z,2027-09-22T17:00:00.000Z,2026-09-22T17:00:00.000Z,2027-10-22T17:00:00.000Z,100,APPROVED,690e294b9a5f7b39b2c2fc7c366799b3642fe34d844fdce8d75a3c761b1f86de,2026-08-19T14:42:45.627Z
giftpop.vn,MP2306010006,Phiếu Quà Tặng Trị Liệu Toàn Thân (60 phút),"Chào mừng bạn đến với Coco Spa - cửa hàng Spa cao cấp tại quận 1, nơi cung cấp những trải nghiệm thư giãn tuyệt vời và phụ hồi sức khỏe toàn diện. Từ những người sáng lập là những chuyên gia về spa và mỹ phẩm đến từ Hàn Quốc, chúng tôi tự hào mang đến cho khách hàng những dịch vụ tuyệt vời như massage, treatment và sauna theo các tiêu chuẩn Hàn Quốc mới nhất hiện nay.
• Voucher bạn có:
- 01 Phiếu quà tặng trị liệu toàn thân (60 phút)
• Thông tin đặt chỗ:
- Hotline: 0707110382
- Kakao ID: Cocospahcm
- Email: saigon.cocospa@gmail.com","• Mỗi voucher chỉ được sử dụng 01 lần có thể áp dụng được nhiều voucher cho 01 đơn hàng.
• Không có giá trị quy đổi thành tiền mặt, không được hoàn trả tiền thừa.
• Không hoàn trả hoặc bán lại được.
• Tất cả các gói Massage trị liệu đều kèm theo dịch vụ sauna 60 phút.
• Giá sản phẩm đã bao gồm VAT, Spa sẽ chịu trách nhiệm xuất hóa đơn VAT khi khách hàng yêu cầu.
• Nếu giá tiền đơn đặt hàng của khách hàng vượt quá giá trị của voucher thì khách hàng phải thanh toán thêm số tiền chênh lệch đó.
• Voucher chỉ áp dụng cho một số hàng hóa, dịch vụ nhất định.
• Khách hàng có trách nhiệm bảo mật thông tin mã thẻ quà tặng sau khi đặt mua. Giftpop sẽ không chịu trách nhiệm hoàn trả các mã thẻ bị mất hoặc ở trạng thái ""Đã sử dụng"" với bất kỳ lý do gì.
• Giftpop sẽ không chịu trách nhiệm đối với chất lượng sản phẩm hoặc dịch vụ được cung cấp cũng như đối với các tranh chấp về sau giữa khách hàng và nhà cung cấp.
• Giftpop có quyền sửa chữa hoặc thay đổi điều khoản và điều kiện sử dụng mà không thông báo trước.
• Hotline Giftpop: 1900 55 88 12.",BEAUTY_HEALTH,700000,640000,VND,https://img.giftpop.vn/brand/COCOSPA/MP2306010006_BASIC_origin.jpg,https://www.giftpop.vn/brandshop/view/MP2306010006,7,2026-09-22T17:00:00.000Z,2027-09-22T17:00:00.000Z,2026-09-22T17:00:00.000Z,2027-09-29T17:00:00.000Z,100,APPROVED,71794f7cff8bb7b4939cdba67fea31354c8f98a543829207300ca0a15a569659,2026-08-19T14:42:45.627Z
giftpop.vn,MP2508130002,Phiếu quà tặng Y Tế H Plus 1.000.000 VNĐ,"Ưu đãi đặc biệt dành cho Quý khách hàng
Khi đến thăm khám tại phòng khám đa khoa Hplus, Quý khách sử dụng voucher tiền mặt cho các dịch vụ khám chữa bệnh.
Hãy tận dụng ưu đãi này để chăm sóc sức khỏe toàn diện cho bản thân và gia đình!","• Phiếu quà tặng áp dụng cho khám lẻ, khám dịch vụ.
• Phiếu quà tặng không áp dụng cho các gói khám, dịch vụ thuốc và không áp dụng đồng thời với các chương trình khuyến mãi khác.
• Mỗi phiếu quà tặng chỉ được sử dụng một lần, có thể áp dụng nhiều phiếu quà tặng trên một hóa đơn.
• Phiếu quà tặng không được hủy/đổi/trả/hoàn tiền.
• Phiếu quà tặng không được quy đổi thành tiền mặt.
• Hplus sẽ xuất hóa đơn VAT theo yêu cầu của khách hàng.
• Khách hàng có trách nhiệm bảo mật thông tin mã thẻ quà tặng sau khi đặt mua. Giftpop sẽ không chịu trách nhiệm hoàn trả các mã thẻ bị mất hoặc ở trạng thái ""Đã sử dụng"" với bất kỳ lý do gì.
• Giftpop sẽ không chịu trách nhiệm đối với chất lượng sản phẩm hoặc dịch vụ được cung cấp cũng như đối với các tranh chấp về sau giữa khách hàng và nhà cung cấp.
• Giftpop có quyền sửa chữa hoặc thay đổi điều khoản và điều kiện sử dụng mà không thông báo trước.
• Hotline Giftpop: 1900 55 88 12.",BEAUTY_HEALTH,1000000,950000,VND,https://img.giftpop.vn/brand/HPLUS/MP2508130002_BASIC_origin.jpg,https://www.giftpop.vn/brandshop/view/MP2508130002,30,2026-09-24T17:00:00.000Z,2027-09-24T17:00:00.000Z,2026-09-24T17:00:00.000Z,2027-10-24T17:00:00.000Z,100,APPROVED,5a76fb06d6c275511f1579da915545011b1315536e5b398ab916052ee801b96c,2026-08-19T14:42:45.627Z
giftpop.vn,MP2508130001,Phiếu quà tặng Y Tế H Plus 500.000 VNĐ,"Ưu đãi đặc biệt dành cho Quý khách hàng!
Khi đến thăm khám tại phòng khám đa khoa Hplus, Quý khách sử dụng voucher tiền mặt cho các dịch vụ khám chữa bệnh.
Hãy tận dụng ưu đãi này để chăm sóc sức khỏe toàn diện cho bản thân và gia đình!","• Phiếu quà tặng áp dụng cho khám lẻ, khám dịch vụ.
• Phiếu quà tặng không áp dụng cho các gói khám, dịch vụ thuốc và không áp dụng đồng thời với các chương trình khuyến mãi khác.
• Mỗi phiếu quà tặng chỉ được sử dụng một lần, có thể áp dụng nhiều phiếu quà tặng trên một hóa đơn.
• Phiếu quà tặng không được hủy/đổi/trả/hoàn tiền.
• Phiếu quà tặng không được quy đổi thành tiền mặt.
• Hplus sẽ xuất hóa đơn VAT theo yêu cầu của khách hàng.
• Khách hàng có trách nhiệm bảo mật thông tin mã thẻ quà tặng sau khi đặt mua. Giftpop sẽ không chịu trách nhiệm hoàn trả các mã thẻ bị mất hoặc ở trạng thái ""Đã sử dụng"" với bất kỳ lý do gì.
• Giftpop sẽ không chịu trách nhiệm đối với chất lượng sản phẩm hoặc dịch vụ được cung cấp cũng như đối với các tranh chấp về sau giữa khách hàng và nhà cung cấp.
• Giftpop có quyền sửa chữa hoặc thay đổi điều khoản và điều kiện sử dụng mà không thông báo trước.
• Hotline Giftpop: 1900 55 88 12.",BEAUTY_HEALTH,500000,475000,VND,https://img.giftpop.vn/brand/HPLUS/MP2508130001_BASIC_origin.jpg,https://www.giftpop.vn/brandshop/view/MP2508130001,7,2026-09-29T17:00:00.000Z,2027-09-29T17:00:00.000Z,2026-09-29T17:00:00.000Z,2027-10-06T17:00:00.000Z,100,APPROVED,d3b1e195731cdd48b67aa352b2eb6b0cb36ac9debe5fce1681b48e557e40e6a3,2026-08-19T14:42:45.627Z
giftpop.vn,MP2305150004,Phiếu Quà Tặng Nha Khoa Smile Beauty 100K,"Mang trong mình niềm tin về sứ mệnh đánh thức vẻ đẹp tiềm ẩn trong mỗi người qua những nụ cười trắng sáng đều đẹp, hệ thống nha khoa hàng đầu Việt Nam – Smile Beauty luôn nỗ lực không ngừng để đem đến cho khách hàng những dịch vụ hoàn hảo nhất. Không chỉ nằm ở kết quả mà Smile Beauty còn hướng tới tính thẩm mỹ khỏe – đẹp – an toàn để mỗi phút giây ngắm mình trong gương là những phút giây tận hưởng hạnh phúc thật sự của mỗi khách hàng.","• Mỗi voucher được sử dụng 01 lần, có thể áp dụng được nhiều voucher cho 01 đơn hàng.
• Được áp dụng với các ưu đãi khác tại nha khoa.
​• Nha khoa chịu trách nhiệm chính khi khách hàng có nhu cầu xuất hoá đơn. Khách hàng vui lòng thanh toán thêm 10% khi xuất hoá đơn.
​• Không có giá trị quy đổi thành tiền mặt, không được hoàn trả tiền thừa.
​• Không chấp nhận mã voucher quá hạn sử dụng, trạng thái đã sử dụng.
​• Voucher không hoàn trả hoặc bán lại được.
​• Nếu giá trị đơn hàng của khách hàng vượt quá giá trị của voucher thì khách hàng phải thanh toán thêm khoản chênh lệch đó.
​• Khách hàng có trách nhiệm bảo mật thông tin mã thẻ quà tặng sau khi đặt mua. Giftpop sẽ không chịu trách nhiệm hoàn trả các mã thẻ bị mất hoặc ở trạng thái ""Đã sử dụng"" với bất kỳ lý do gì.
​• Giftpop sẽ không chịu trách nhiệm đối với chất lượng sản phẩm hoặc dịch vụ được cung cấp cũng như đối với các tranh chấp về sau giữa khách hàng và nhà cung cấp.
​• Giftpop có quyền sửa chữa hoặc thay đổi điều khoản và điều kiện sử dụng mà không thông báo trước.
​• Hotline Giftpop: 1900 55 88 12",BEAUTY_HEALTH,100000,93000,VND,https://img.giftpop.vn/brand/SMILEBEAUTY/MP2305150004_BASIC_origin.jpg,https://www.giftpop.vn/brandshop/view/MP2305150004,7,2026-09-29T17:00:00.000Z,2027-09-29T17:00:00.000Z,2026-09-29T17:00:00.000Z,2027-10-06T17:00:00.000Z,100,APPROVED,5ced9e4063b8ed06f471e266cdccf7d266d48b2b95f2289fca374107924848e9,2026-08-19T14:42:45.627Z
giftpop.vn,MP2305150002,Tẩy Trắng Răng Laser Whitening Từ Đức,"Mang trong mình niềm tin về sứ mệnh đánh thức vẻ đẹp tiềm ẩn trong mỗi người qua những nụ cười trắng sáng đều đẹp, hệ thống nha khoa hàng đầu Việt Nam – Smile Beauty luôn nỗ lực không ngừng để đem đến cho khách hàng những dịch vụ hoàn hảo nhất. Không chỉ nằm ở kết quả mà Smile Beauty còn hướng tới tính thẩm mỹ khỏe – đẹp – an toàn để mỗi phút giây ngắm mình trong gương là những phút giây tận hưởng hạnh phúc thật sự của mỗi khách hàng.","• Voucher áp dụng dịch vụ ""Tẩy trắng răng Laser Whitening từ Đức"".
• Mỗi voucher được sử dụng 01 lần, có thể áp dụng được nhiều voucher cho 01 đơn hàng.
• Không áp dụng với các ưu đãi khác tại nha khoa.
​• Nha khoa chịu trách nhiệm chính khi khách hàng có nhu cầu xuất hoá đơn. Khách hàng vui lòng thanh toán thêm 10% khi xuất hoá đơn.
​• Không có giá trị quy đổi thành tiền mặt, không được hoàn trả tiền thừa.
​• Không chấp nhận mã voucher quá hạn sử dụng, trạng thái đã sử dụng.
​• Voucher không hoàn trả hoặc bán lại được.
​• Nếu giá trị đơn hàng của khách hàng vượt quá giá trị của voucher thì khách hàng phải thanh toán thêm khoản chênh lệch đó.
​• Khách hàng có trách nhiệm bảo mật thông tin mã thẻ quà tặng sau khi đặt mua. Giftpop sẽ không chịu trách nhiệm hoàn trả các mã thẻ bị mất hoặc ở trạng thái ""Đã sử dụng"" với bất kỳ lý do gì.
​• Giftpop sẽ không chịu trách nhiệm đối với chất lượng sản phẩm hoặc dịch vụ được cung cấp cũng như đối với các tranh chấp về sau giữa khách hàng và nhà cung cấp.
​• Giftpop có quyền sửa chữa hoặc thay đổi điều khoản và điều kiện sử dụng mà không thông báo trước.
​• Hạn sử dụng voucher: 90 ngày kể từ ngày mua.
​• Hotline Giftpop: 1900 55 88 12",BEAUTY_HEALTH,3500000,1750000,VND,https://img.giftpop.vn/brand/SMILEBEAUTY/MP2305150002_BASIC_origin.jpg,https://www.giftpop.vn/brandshop/view/MP2305150002,45,2026-09-21T17:00:00.000Z,2027-09-21T17:00:00.000Z,2026-09-21T17:00:00.000Z,2027-11-05T17:00:00.000Z,100,APPROVED,6b91bd5bda785000dd296bb9235242208074b143dc18e1faf8f7cc146321b07f,2026-08-19T14:42:45.627Z
giftpop.vn,MP2108040002,Phiếu quà tặng Westway Dental 200k,"VIỆN NHA KHOA QUỐC TẾ WESTWAY - CHUỖI NHA KHOA CAO CẤP CHUẨN 5 SAO - GIÁ CỦA MỌI NHÀ
Viện Nha Khoa Quốc Tế Westway là một trong những chuỗi nha khoa tiên tiến bậc nhất được đầu tư theo đúng tiêu chuẩn 5 sao cao cấp với hệ thống không gian sang trọng, hiện đại mang đến cho khách hàng sự trải nghiệm tiện nghi, nhẹ nhàng và thoải mái.
Đặc biệt, với đội ngũ Bác sĩ bằng cấp quốc tế giỏi chuyên môn, giàu kinh nghiệm nỗ lực vì mục tiêu “mang đến những giá trị bền vững cho khách hàng” Westway tư vấn tận tâm, thăm khám chính xác, lên phác đồ điều trị hiệu quả phù hợp với từng đối tượng khách hàng riêng biệt.
Đặc biệt, luôn tiên phong ứng dụng công nghệ/thiết bị nha khoa thông minh bậc nhất. Sử dụng 100% chất liệu cao cấp nhập khẩu chính hãng từ Thụy Điển, Đức, Pháp, Hàn Quốc,... Chính sách hỗ trợ giá ưu đãi, bảo hành minh bạch, dịch vụ chăm sóc khách hàng chuyên nghiệp.","• Mỗi voucher được sử dụng 01 lần, có thể áp dụng được nhiều voucher cho 01 đơn hàng.
• Được áp dụng với các ưu đãi khác tại nha khoa.
​• Nha khoa chịu trách nhiệm chính khi khách hàng có nhu cầu xuất hoá đơn. Khách hàng vui lòng thanh toán thêm 10% khi xuất hoá đơn.
​• Không có giá trị quy đổi thành tiền mặt, không được hoàn trả tiền thừa.
​• Không chấp nhận mã voucher quá hạn sử dụng, trạng thái đã sử dụng.
​• Voucher không hoàn trả hoặc bán lại được.
​• Nếu giá trị đơn hàng của khách hàng vượt quá giá trị của voucher thì khách hàng phải thanh toán thêm khoản chênh lệch đó.
​• Khách hàng có trách nhiệm bảo mật thông tin mã thẻ quà tặng sau khi đặt mua. Giftpop sẽ không chịu trách nhiệm hoàn trả các mã thẻ bị mất hoặc ở trạng thái ""Đã sử dụng"" với bất kỳ lý do gì.
​• Giftpop sẽ không chịu trách nhiệm đối với chất lượng sản phẩm hoặc dịch vụ được cung cấp cũng như đối với các tranh chấp về sau giữa khách hàng và nhà cung cấp.
​• Giftpop có quyền sửa chữa hoặc thay đổi điều khoản và điều kiện sử dụng mà không thông báo trước.
​• Hạn sử dụng voucher: 90 ngày kể từ ngày mua.
​• Hotline Giftpop: 1900 55 88 12",BEAUTY_HEALTH,200000,184000,VND,https://img.giftpop.vn/brand/WESTWAYDENTAL/MP2108040002_BASIC_origin.jpg,https://www.giftpop.vn/brandshop/view/MP2108040002,7,2026-09-25T17:00:00.000Z,2027-09-25T17:00:00.000Z,2026-09-25T17:00:00.000Z,2027-10-02T17:00:00.000Z,100,APPROVED,a53098bd4b8731b944c42e34e6c7e551b4e7c52f276494b7bcff3122d17e3671,2026-08-19T14:42:45.627Z
giftpop.vn,CB2512050001,Combo 2 Vé xem phim 2D CGV các ngày trong tuần (thứ 2 ~ CN),"Combo 2 Vé xem phim 2D CGV các ngày trong tuần (thứ 2 ~ CN)
Tin vui cho các fan phim ảnh, nhất là fan của cụm rạp CGV. Các bạn sẽ được tận hưởng những giây phút thoải mái nhất với những bộ phim mới nhất cùng một mức giá vô cùng hấp dẫn. Chỉ duy nhất tại Giftpop. Hấp dẫn quá phải không nào!!! Hãy nhanh chân rủ ngay bạn bè, người thân đến ngay các cụm rạp CGV để tận hưởng thôi!
CGV là một trong top 5 cụm rạp chiếu phim lớn nhất toàn cầu và là nhà phát hành, cụm rạp chiếu phim lớn nhất Việt Nam. Mục tiêu của chúng tôi là trở thành hình mẫu công ty điển hình đóng góp cho sự phát triển không ngừng của ngành công nghiệp điện ảnh Việt Nam.
- Hướng dẫn đặt vé online:
Nạp code vào thẻ (đối với khách hàng đã có tài khoản CGV app hoặc web).
- Bước 1: Vào My CGV.
- Bước 2: Vào Giftcard/voucher/coupon
- Bước 3: Nhấn vào voucher
- Bước 4: Nhập code (16 chữ số) và mã pin (6 số).
- Bước 5: khách sử dụng đặt online, sau khi tiến hành chọn rạp chọn ghế, đến phần payment khách chọn ô CGV voucher => chọn voucher đã nạp vào thể để sử dụng.
- Hướng dẫn đổi vé tại quầy:
Truy cập link voucher - hiển thị mã barcode, mã voucher, mật khẩu đặt vé - đưa cho nhân viên tại quầy để đổi vé.","• Mỗi voucher được sử dụng 01 lần.
• Voucher không áp dụng hình thức hủy/ đổi/ trả/ hoàn tiền.
• Mã đổi vé xem phim có thể đổi thành 01 vé xem phim 2D - cho tất cả các ngày, từ thứ Hai đến Chủ Nhật (không bao gồm Lễ, Tết) – cho loại ghế Thường hoặc VIP tại quầy vé hoặc đặt vé trực tuyến.
• Voucher không áp dụng đồng thời với chương trình tích điểm thưởng tại CGV.
• Không áp dụng cho suất chiếu sớm, các phim đặc biệt, suất chiếu ca nhạc theo quy định CGV.
• Khách hàng có thể trả thêm phí dịch vụ để áp dụng phiếu đổi vé trong những ngày Lễ, Tết.
• Mã đổi vé xem phim được áp dụng cho tất cả các cụm rạp chiếu phim CGV trên toàn quốc.
• Khách Hàng có thể trả thêm phí để nâng cấp vé cho định dạng 3D, IMAX, 4DX, GOLDCLASS, L’AMOUR.
• Mã đổi vé xem phim không áp dụng cho SWEETBOX và các rạp Cine & Forest, Cine & Living Room, SphereX, ULTRA 4DX.
• Mã đổi vé xem phim sau khi xuất ra không được hoàn trả, quy đổi thành tiền hoặc hàng hóa.
• Nếu giá trị đơn hàng của khách hàng vượt quá giá trị của voucher thì khách hàng phải thanh toán thêm khoản chênh lệch đó.
• Khách hàng có trách nhiệm bảo mật thông tin mã thẻ quà tặng sau khi đặt mua. Giftpop sẽ không chịu trách nhiệm hoàn trả các mã thẻ bị mất hoặc ở trạng thái ""Đã sử dụng"" với bất kỳ lý do gì.
• Giftpop sẽ không chịu trách nhiệm đối với chất lượng sản phẩm hoặc dịch vụ được cung cấp cũng như đối với các tranh chấp về sau giữa khách hàng và nhà cung cấp.
• Giftpop có quyền sửa chữa hoặc thay đổi điều khoản và điều kiện sử dụng mà không thông báo trước.
• Hotline Giftpop: 1900 55 88 12.",ENTERTAINMENT,230000,210000,VND,https://img.giftpop.vn/combo/CB2512050001_BASIC_origin.jpg,https://www.giftpop.vn/brandshop/view/CB2512050001,30,2026-09-19T17:00:00.000Z,2027-09-19T17:00:00.000Z,2026-09-19T17:00:00.000Z,2027-10-19T17:00:00.000Z,100,APPROVED,86b01a76fa7a61d304280889d43f7cb4ac899899fc46971533e0addb79b2d136,2026-08-19T14:42:45.627Z
giftpop.vn,MP2205270001,Vé xem phim 2D CGV các ngày trong tuần (thứ 2 ~ CN),"Tin vui cho các fan phim ảnh, nhất là fan của cụm rạp CGV. Các bạn sẽ được tận hưởng những giây phút thoải mái nhất với những bộ phim mới nhất cùng một mức giá vô cùng hấp dẫn. Chỉ duy nhất tại Giftpop. Hấp dẫn quá phải không nào!!! Hãy nhanh chân rủ ngay bạn bè, người thân đến ngay các cụm rạp CGV để tận hưởng thôi!
CGV là một trong top 5 cụm rạp chiếu phim lớn nhất toàn cầu và là nhà phát hành, cụm rạp chiếu phim lớn nhất Việt Nam. Mục tiêu của chúng tôi là trở thành hình mẫu công ty điển hình đóng góp cho sự phát triển không ngừng của ngành công nghiệp điện ảnh Việt Nam.
- Hướng dẫn đặt vé online:
Nạp code vào thẻ (đối với khách hàng đã có tài khoản CGV app hoặc web).
- Bước 1: Vào My CGV.
- Bước 2: Vào Giftcard/voucher/coupon
- Bước 3: Nhấn vào voucher
- Bước 4: Nhập code (16 chữ số) và mã pin (6 số).
- Bước 5: khách sử dụng đặt online, sau khi tiến hành chọn rạp chọn ghế, đến phần payment khách chọn ô CGV voucher => chọn voucher đã nạp vào thể để sử dụng.
- Hướng dẫn đổi vé tại quầy:
Truy cập link voucher - hiển thị mã barcode, mã voucher, mật khẩu đặt vé - đưa cho nhân viên tại quầy để đổi vé.","• Mỗi voucher được sử dụng 01 lần.
• Voucher không áp dụng hình thức hủy/ đổi/ trả/ hoàn tiền.
• Mã đổi vé xem phim có thể đổi thành 01 vé xem phim 2D - cho tất cả các ngày, từ thứ Hai đến Chủ Nhật (không bao gồm Lễ, Tết) – cho loại ghế Thường hoặc VIP tại quầy vé hoặc đặt vé trực tuyến.
• Voucher không áp dụng đồng thời với chương trình tích điểm thưởng tại CGV.
• Không áp dụng cho suất chiếu sớm, các phim đặc biệt, suất chiếu ca nhạc theo quy định CGV.
• Khách hàng có thể trả thêm phí dịch vụ để áp dụng phiếu đổi vé trong những ngày Lễ, Tết.
• Mã đổi vé xem phim được áp dụng cho tất cả các cụm rạp chiếu phim CGV trên toàn quốc.
• Khách Hàng có thể trả thêm phí để nâng cấp vé cho định dạng 3D, IMAX, 4DX, GOLDCLASS, L’AMOUR.
• Mã đổi vé xem phim không áp dụng cho SWEETBOX và các rạp Cine & Forest, Cine & Living Room, SphereX, ULTRA 4DX.
• Mã đổi vé xem phim sau khi xuất ra không được hoàn trả, quy đổi thành tiền hoặc hàng hóa.
• Nếu giá trị đơn hàng của khách hàng vượt quá giá trị của voucher thì khách hàng phải thanh toán thêm khoản chênh lệch đó.
• Khách hàng có trách nhiệm bảo mật thông tin mã thẻ quà tặng sau khi đặt mua. Giftpop sẽ không chịu trách nhiệm hoàn trả các mã thẻ bị mất hoặc ở trạng thái ""Đã sử dụng"" với bất kỳ lý do gì.
• Giftpop sẽ không chịu trách nhiệm đối với chất lượng sản phẩm hoặc dịch vụ được cung cấp cũng như đối với các tranh chấp về sau giữa khách hàng và nhà cung cấp.
• Giftpop có quyền sửa chữa hoặc thay đổi điều khoản và điều kiện sử dụng mà không thông báo trước.
• Hotline Giftpop: 1900 55 88 12.",ENTERTAINMENT,115000,107000,VND,https://img.giftpop.vn/brand/CGV/MP2205270001_BASIC_origin.jpg,https://www.giftpop.vn/brandshop/view/MP2205270001,45,2026-09-19T17:00:00.000Z,2027-09-19T17:00:00.000Z,2026-09-19T17:00:00.000Z,2027-11-03T17:00:00.000Z,100,APPROVED,e62f1dcbacf47f6592704b13739454fd38e33cdf170d21b02f4e990d05361b56,2026-08-19T14:42:45.627Z
giftpop.vn,MP2405220001,Vé xem phim 2D tất cả các ngày trong tuần,"Mùa phim “bom tấn” đang đến gần, liệu có tiếc chăng vì giá mà bạn bỏ qua những bộ phim “đỉnh” của năm. Đừng manh động, vì Giftpop đã có chính sách về giá mới cho các tín đồ phim ảnh tại cụm rạp Lotte Cinema. Bạn không cần lo lắng là cuối tuần giá vé sẽ tăng đâu nha!
Còn chần chờ gì nữa mà không đến Lotte Cinema để tận hưởng ngay nào!
- Hướng dẫn đổi vé tại quầy:
Truy cập link voucher - hiển thị mã barcode, mã voucher, mật khẩu đặt vé - đưa cho nhân viên tại quầy để đổi vé.
Hướng dẫn đặt vé Online:
- Khách hàng truy cập Website www.lottecinemavn.com, vào mục [Mua vé]
- Khách hàng chọn Rạp, chọn Phim, chọn vị trí Ghế, chọn [Bước tiếp theo]
- Chọn Phím [Movie Coupon], tại mục [Số vé], nhập mã voucher vé, tại mục [Mật khẩu] nhập password được cung cấp kèm theo mã voucher vé, sau đó chọn [Áp dụng]
Ở bước cuối cùng, Tổng tiền đơn hàng hiển thị là 0đ, khách hàng chọn [Thanh toán]
2. App Lotte Cinema","• Voucher có thể đặt vé online tại Lottecinema
• Vé áp dụng cho phim 2D, không áp dụng cho phim 3D và các phòng chiếu đặc biệt khác như Superplex, Cinecomfort, Charlotte...
• Vé xem phim được áp dụng cho tất cả suất chiếu, vào tất cả các ngày trong tuần (bao gồm Lễ, Tết), tại tất cả hệ thống rạp Lotte Cinema trên toàn quốc.
• Voucher không áp dụng hình thức hủy/ đổi/ trả/ hoàn tiền.
• Mỗi voucher chỉ được sử dụng 1 lần.
• Voucher không có giá trị quy đổi thành tiền mặt.
• Trường hợp đổi vé trực tiếp tại rạp, Quý khách vui lòng đến trước giờ chiếu 30 phút để thuận tiện cho việc đổi vé.
• Khách hàng có trách nhiệm bảo mật thông tin mã thẻ quà tặng sau khi đặt mua. Giftpop sẽ không chịu trách nhiệm hoàn trả các mã thẻ bị mất hoặc ở trạng thái “đã sử dụng” với bất kì lý do gì.
• Giftpop không chịu trách nhiệm đối với chất lượng của sản phẩm hoặc dịch vụ được cung cấp cũng như đối với các tranh chấp về sau giữa khách hàng và nhà cung cấp.
• Giftpop có quyền sửa chữa hoặc thay đổi điều khoản và điều kiện sử dụng mà không thông báo trước.",ENTERTAINMENT,130000,115000,VND,https://img.giftpop.vn/brand/LOTTECINEMA/MP2405220001_BASIC_origin.jpg,https://www.giftpop.vn/brandshop/view/MP2405220001,7,2026-09-23T17:00:00.000Z,2027-09-23T17:00:00.000Z,2026-09-23T17:00:00.000Z,2027-09-30T17:00:00.000Z,100,APPROVED,20e83c8919827a0a6131bf4681bfc88f5b7bd8429ba0160d7735838d96f4be93,2026-08-19T14:42:45.627Z
giftpop.vn,CB2311170002,Combo 2 Phiếu Quà Tặng Life4cuts (70k x 2),"Life4cuts Vietnam (Life Four Cuts Vietnam) là chi nhánh chính thức của Life4cuts Hàn Quốc, nhãn hàng chụp hình tự động lấy liền nổi tiếng nhất Hàn Quốc và Việt Nam. Life4cuts ghi lại sự thích thú, những khoảnh khắc vui vẻ cùng người thân, bạn bè. Life4cuts hiện nay đã có trên 17 cửa hàng và phòng chụp trên khắp Việt Nam. Với những phòng chụp nhiều màu sắc và đầy đủ phụ kiện dễ thương cho bạn tha hồ lựa chọn để chụp hình.
*** Hướng dẫn sử dụng:
Bước 1: Chạm vào màn hình để bắt đầu
Bước 2: Chọn khung hình
Bước 3: Chọn số lượng (chỉ được chọn 02) và viền màu khung
Bước 4: Chọn ""kế tiếp"" và thanh toán.
Thanh toán bằng voucher: nhập mã voucher - Bấm Ok
Bước 5: Chụp ảnh
Bước 6: Chọn ảnh và bộ lọc bạn muốn in (ảnh đầu tiên hoặc ảnh chụp lại)
Lưu ý: Bạn được chụp lại duy nhất 1 lần nếu muốn
Bước 7: Bấm nút In và Hoàn tất.
Tada thành quả nhận được nè, mê chữ ê kéo dài nha!
Còn e ngại gì mà không đến ngay Life4cuts.","• Voucher có giá trị 70.000VNĐ.
• Mỗi voucher được sử dụng 01 lần, chỉ áp dụng 01 voucher/ hóa đơn.
• Voucher chỉ áp dụng sử dụng trực tiếp tại cửa hàng.
• Không áp dụng với các ưu đãi khác tại cửa hàng.
• Không có giá trị quy đổi thành tiền mặt, không được hoàn trả tiền thừa.
• Không chấp nhận mã voucher quá hạn sử dụng, trạng thái đã sử dụng.
• Voucher không hoàn trả hoặc bán lại được.
• Nếu giá trị đơn hàng của khách hàng vượt quá giá trị của voucher thì khách hàng phải thanh toán thêm khoản chênh lệch đó.
• Khách hàng có trách nhiệm bảo mật thông tin mã thẻ quà tặng sau khi đặt mua. Giftpop sẽ không chịu trách nhiệm hoàn trả các mã thẻ bị mất hoặc ở trạng thái ""Đã sử dụng"" với bất kỳ lý do gì.
• Giftpop sẽ không chịu trách nhiệm đối với chất lượng sản phẩm hoặc dịch vụ được cung cấp cũng như đối với các tranh chấp về sau giữa khách hàng và nhà cung cấp.
• Giftpop có quyền sửa chữa hoặc thay đổi điều khoản và điều kiện sử dụng mà không thông báo trước.
• Hotline Giftpop: 1900 55 88 12",ENTERTAINMENT,140000,126000,VND,https://img.giftpop.vn/combo/CB2311170002_BASIC_origin.jpg,https://www.giftpop.vn/brandshop/view/CB2311170002,45,2026-09-22T17:00:00.000Z,2027-09-22T17:00:00.000Z,2026-09-22T17:00:00.000Z,2027-11-06T17:00:00.000Z,100,APPROVED,52d0f2844c0fb15f31a5a4ec0ce88e15a6e2510d197e7e83e995c40f97eb259b,2026-08-19T14:42:45.627Z
giftpop.vn,MP2308310001,Phiếu Quà Tặng Life4cuts,"Life4cuts Vietnam (Life Four Cuts Vietnam) là chi nhánh chính thức của Life4cuts Hàn Quốc, nhãn hàng chụp hình tự động lấy liền nổi tiếng nhất Hàn Quốc và Việt Nam. Life4cuts ghi lại sự thích thú, những khoảnh khắc vui vẻ cùng người thân, bạn bè. Life4cuts hiện nay đã có trên 17 cửa hàng và phòng chụp trên khắp Việt Nam. Với những phòng chụp nhiều màu sắc và đầy đủ phụ kiện dễ thương cho bạn tha hồ lựa chọn để chụp hình.
*** Hướng dẫn sử dụng:
Bước 1: Chạm vào màn hình để bắt đầu
Bước 2: Chọn khung hình
Bước 3: Chọn số lượng (chỉ được chọn 02) và viền màu khung
Bước 4: Chọn ""kế tiếp"" và thanh toán.
Thanh toán bằng voucher: nhập mã voucher - Bấm Ok
Bước 5: Chụp ảnh
Bước 6: Chọn ảnh và bộ lọc bạn muốn in (ảnh đầu tiên hoặc ảnh chụp lại)
Lưu ý: Bạn được chụp lại duy nhất 1 lần nếu muốn
Bước 7: Bấm nút In và Hoàn tất.
Tada thành quả nhận được nè, mê chữ ê kéo dài nha!
Còn e ngại gì mà không đến ngay Life4cuts.","• Voucher có giá trị 70.000VNĐ.
• Mỗi voucher được sử dụng 01 lần, chỉ áp dụng 01 voucher/ hóa đơn.
• Voucher chỉ áp dụng sử dụng trực tiếp tại cửa hàng.
• Không áp dụng với các ưu đãi khác tại cửa hàng.
• Không có giá trị quy đổi thành tiền mặt, không được hoàn trả tiền thừa.
• Không chấp nhận mã voucher quá hạn sử dụng, trạng thái đã sử dụng.
• Voucher không hoàn trả hoặc bán lại được.
• Nếu giá trị đơn hàng của khách hàng vượt quá giá trị của voucher thì khách hàng phải thanh toán thêm khoản chênh lệch đó.
• Khách hàng có trách nhiệm bảo mật thông tin mã thẻ quà tặng sau khi đặt mua. Giftpop sẽ không chịu trách nhiệm hoàn trả các mã thẻ bị mất hoặc ở trạng thái ""Đã sử dụng"" với bất kỳ lý do gì.
• Giftpop sẽ không chịu trách nhiệm đối với chất lượng sản phẩm hoặc dịch vụ được cung cấp cũng như đối với các tranh chấp về sau giữa khách hàng và nhà cung cấp.
• Giftpop có quyền sửa chữa hoặc thay đổi điều khoản và điều kiện sử dụng mà không thông báo trước.
• Hotline Giftpop: 1900 55 88 12",ENTERTAINMENT,70000,65100,VND,https://img.giftpop.vn/brand/LIFE4CUTS/MP2308310001_BASIC_origin.jpg,https://www.giftpop.vn/brandshop/view/MP2308310001,45,2026-09-28T17:00:00.000Z,2027-09-28T17:00:00.000Z,2026-09-28T17:00:00.000Z,2027-11-12T17:00:00.000Z,100,APPROVED,cafcc54eab1981d10998ae656d7cd5ff5c685313115a0ee9029b28c2cd225308,2026-08-19T14:42:45.627Z
giftpop.vn,MP2312130005,[Giftpop] Phiếu Quà Tặng Khu Vui Chơi Công Viên Văn Hoá Suối Tiên 500K,"Công Viên Văn Hóa Suối Tiên với đa dạng các công trình kiến trúc mang đậm nét văn hóa, lịch sử dân tộc cùng trò chơi hấp dẫn, mới lạ với 7 điểm chính nổi bật:
Công trình văn hóa tâm linh: Long Hoa Thiên Bảo, Thánh Tượng Quan Thế Âm Thiên Thủ Thiên Nhãn, Đền Thờ Phật Bà Quan Âm, Giếng Tiên - Bình Nước Cam Lồ, Núi - Đền Thờ Bảy Cô Tiên, Miếu Thờ Thổ Thần, Miếu Thờ Thổ Dương, Đại Bồ Đề Quang Minh Cảnh,...
Công trình văn hóa lịch sử dân tộc: Quảng trường - Đền Thờ Quốc Tổ Hùng Vương, Long Hoa Hội, Hồ Long Quy Ẩn Thủy, Cụm Tượng Đinh Bộ Lĩnh - Cờ Lau Tập Trận - Đền Thờ Đinh Tiên Hoàng, Tượng đài Thánh Gióng (Phù Đổng Thiên Vương), Tượng Đài Trần Hưng Đạo, Tượng Đài Hai Bà Trưng,...
Các công trình tham quan, trò chơi, giải trí: Biển Tiên Đồng - Ngọc Nữ, Lâu Đài Tuyết, Âm Cung Đệ Nhất Cung Đình Tửu, Thủy Cung, Vương Quốc Cá Sấu - Giang Sơn Bách Thú, Nhà Trưng Bày Hiện Vật Lạ, Ngũ Hành Sơn,..
Các cây cầu tại du dịch văn hóa Suối Tiên: Cầu Long Mạch, Cầu Kiều, Cầu Bạch Tượng, Cầu Tứ Linh, Cầu Bát Mã, Cầu Ô Thước, Cầu Đủ Điều, Cầu Phúc Lộc, Cầu Bát Tiên Quá Hải, Cầu Ngà, Cầu Long Ngư.
Trò chơi cảm giác mạnh: thuyền rồng, thuyền bay, vòng xoay vũ trụ.
Công trình giải trí, khám phá, phiêu lưu: Đại Cung Phụng Hoàng Thiên, Kỳ Lân Cung, Bí Mật Rừng Phù Thủy.
Các công trình mới: Vương Quốc Thiên Tài Tương Lai, Lâu Đài Phép Thuật, Khu Công Nghệ Giải Trí Cảm Giác Mạnh, Đĩa Bay Hành Tinh Lạ, Suối Tiên Farm (bao gồm Farm trái cây theo mùa vụ, farm dừa, farm cừu).
Bên cạnh đó là chương trình lễ hội Mùa Xuân và Mùa hè với đa dạng các hoạt động ý nghĩa như: Tết Nguyên Đán, Đại Lễ Cầu Siêu Quốc Thái Dân An, Lễ Giỗ Quốc Tổ Hùng Vương, Lễ hội trái cây Nam Bộ.
Với đội ngũ nhân viên chuyên nghiệp, chu đáo, nhiệt tình cùng dịch vụ hấp dẫn, Công Viên Văn Hóa Suối Tiên hứa hẹn sẽ là điểm đến vui chơi - giải trí ấn tượng, tuyệt vời tới mọi khách hàng.","• Quý Khách vui lòng xuất trình voucher trước khi thanh toán.
- Voucher chỉ áp dụng trước khi vào cổng.
- Khách có voucher vui lòng đổi vé tại phòng hướng dẫn du lịch.
• Ngày áp dụng: Tất cả các ngày trong tuần và lễ tết (tết dương lịch, tết nguyên đán (từ mùng 1- mùng 10 tết), Giỗ tổ Hùng Vương, 30/4 – 1/5, 01/9, 02/9)
• Giờ áp dụng: 08h00 - 17h00
• Mỗi voucher được sử dụng 01 lần, có thể áp dụng nhiều voucher cho 01 hóa đơn.
• Voucher có giá trị tương đương tiền mặt
• Không có giá trị quy đổi thành tiền mặt, không được hoàn trả tiền thừa.
• Không chấp nhận mã voucher quá hạn sử dụng, trạng thái đã sử dụng.
• Voucher được áp dụng song song với các ưu đãi khác tại Suối Tiên.
• Suối Tiên chịu trách nhiệm xuất hóa đơn tài chính khi khách hàng yêu cầu.
• Nghiêm cấm mọi hình thức mua đi bán lại, kinh doanh trái với qui định của Giftpop và cửa hàng
• Suối Tiên có quyền từ chối áp dụng và thu hồi voucher khi phát hiện voucher đó nằm trong hành vi mua đi bán lại, kinh doanh trái với quy định của Giftpop và cửa hàng
• Nếu giá trị đơn hàng của khách hàng vượt quá giá trị của voucher thì khách hàng phải thanh toán thêm khoản chênh lệch cho Suối Tiên.
• Địa điểm đổi vé: tại phòng hướng dẫn du lịch (phòng đổi vé).
• Các thức đổi vé: Khách hàng vui lòng xuất trình đường link có chứa mã code tại phòng hướng dẫn Suối Tiên để xác thực và đổi vé.
• Địa chỉ: 120 Xa Lộ Hà Nội, Phường Tân Phú, TP Thủ Đức, TP. HCM
• Khách hàng có trách nhiệm bảo mật thông tin mã thẻ quà tặng sau khi đặt mua. Giftpop sẽ không chịu trách nhiệm hoàn trả các mã thẻ bị mất hoặc ở trạng thái ""Đã sử dụng"" với bất kỳ lý do gì.
• Giftpop sẽ không chịu trách nhiệm đối với chất lượng của sản phẩm được cung cấp cũng như đối với các tranh chấp về sau giữa khách hàng và nhà cung cấp.
• Giftpop có quyền sửa chữa hoặc thay đổi điều khoản và điều kiện sử dụng mà không thông báo trước.
• Hotline Giftpop: 1900 55 88 12",ENTERTAINMENT,500000,490000,VND,https://img.giftpop.vn/brand/SUOITIEN/MP2312130005_BASIC_origin.jpg,https://www.giftpop.vn/brandshop/view/MP2312130005,30,2026-09-20T17:00:00.000Z,2027-09-20T17:00:00.000Z,2026-09-20T17:00:00.000Z,2027-10-20T17:00:00.000Z,100,APPROVED,3b4fd691d3ae32ef090e6e58863829219a719c39f91126ce15daa828cd39799f,2026-08-19T14:42:45.627Z
giftpop.vn,MP2109220004,Phiếu quà tặng Extrim 200k,"EXTRIM - VỆ SINH SỬA CHỮA GIÀY TÚI TOÀN DIỆN
Với hơn 7 năm kinh nghiệm, Extrim tự hào là một trong những nơi chăm sóc giày uy tín và tốt nhất Thành Phố Hồ Chí Minh.
Phiếu quà tặng tiền mặt tại Extrim - Giải pháp quà tặng hoàn hảo cho doanh nghiệp và cũng là món quà vô cùng thiết thực để tặng gia đình và người thân mọi dịp lễ tết.
Phiếu quà tặng áp dụng với mọi dịch vụ Chăm sóc giày túi tại Extrim:
- Các dịch vụ chăm sóc giày túi tại Extrim bao gồm: Vệ sinh, Sửa chữa, Phục hồi, Bảo vệ giày.
- Áp dụng cho mọi dòng giày Sneaker, Thể Thao, Cao Gót, Giày Boot và Giày Tây và mọi dòng túi: ví, túi xách nhỏ, balo,...
- Kỹ thuật viên tay nghề cao và sử dụng các sản phẩm chuyên dụng phù hợp cho từng loại chất liệu. Đảm bảo không gây bất kì hư hại nào đến tình trạng giày khách hàng.
Xem thông tin chi tiết về các dịch vụ Chăm sóc giày túi và giá tại đây.
Extrim cam kết sau khi sử dụng dịch vụ, khách hàng đều được:
- Tư vấn kỹ từng đôi giày túi và các dịch vụ nên áp dụng cho từng trường hợp gặp phải.
- Luôn xác nhận mức độ hài lòng của khách hàng trước khi giao.
- Giao nhận giày tận nhà dù chỉ 1 đôi. Bảo hành đến 1 tháng cho hầu hết dịch vụ.","• Mỗi voucher được sử dụng 01 lần, có thể áp dụng được nhiều voucher cho 01 đơn hàng.
• Voucher chưa bao gồm chi phí giao nhận giày. Khách hàng đến cửa hàng lấy sản phẩm sẽ không phải trả chi phí giao hàng.
• Nếu giá trị đơn hàng của khách hàng vượt quá giá trị của voucher thì khách hàng phải thanh toán thêm khoản chênh lệch đó.
• Voucher được áp dụng chung với các chương trình khuyến mãi khác tại cửa hàng.
• Extrim sẽ chịu trách nhiệm khi khách hàng có nhu cầu xuất hoá đơn. Khách hàng vui lòng thanh toán thêm 8 phần trăm (phí VAT) khi xuất hoá đơn.
• Không có giá trị quy đổi thành tiền mặt, không được hoàn trả tiền thừa.
• Không chấp nhận mã voucher quá hạn sử dụng, trạng thái đã sử dụng.
• Voucher không hoàn trả hoặc bán lại được.
• Khách hàng có trách nhiệm bảo mật thông tin mã thẻ quà tặng sau khi đặt mua. Giftpop sẽ không chịu trách nhiệm hoàn trả các mã thẻ bị mất hoặc ở trạng thái ""Đã sử dụng"" với bất kỳ lý do gì.
• Giftpop sẽ không chịu trách nhiệm đối với chất lượng sản phẩm hoặc dịch vụ được cung cấp cũng như đối với các tranh chấp về sau giữa khách hàng và nhà cung cấp.
• Giftpop có quyền sửa chữa hoặc thay đổi điều khoản và điều kiện sử dụng mà không thông báo trước.
------
Để được tư vấn tình trạng giày và đặt dịch vụ, khách hàng vui lòng liên hệ với Extrim qua các kênh sau:
- Đến trực tiếp các Cửa hàng và điểm nhận giày của Extrim:
+ Chi nhánh 1: 127B-A2 Lê Văn Duyệt, Phường 3, Quận Bình Thạnh, Hồ Chí Minh từ 9h - 20h (Thứ 2 - Thứ 7) và 9h - 17h30 (Chủ nhật).
+ Chi nhánh 2: 33 đường số 4, KDC Trung Sơn, Bình Hưng, Bình Chánh từ 9h - 20h (Thứ 2 - Thứ 7) và 9h - 17h30 (Chủ nhật).
+ Điểm nhận giày: B005 tháp B Sarina, KDC Sala, P.An Lợi Đông, Tp. Thủ Đức từ 10h - 18h30 Thứ 2 - Thứ 6
- Hotline: 1900633916
- Inbox Fanpage và Instagram Extrim, gửi thông tin Mã Voucher cho nhân viên trực để tiếp nhận thông tin và xử lý.
- Hoặc chat qua Zalo đặt hàng.",LIFESTYLE_SERVICES,200000,186000,VND,https://img.giftpop.vn/brand/EXTRIM/MP2109220004_BASIC_origin.jpg,https://www.giftpop.vn/brandshop/view/MP2109220004,7,2026-09-19T17:00:00.000Z,2027-09-19T17:00:00.000Z,2026-09-19T17:00:00.000Z,2027-09-26T17:00:00.000Z,100,APPROVED,0fde536df548e6fa68c84b5801e3717b869ceaf9dfd5c44c173d64faa006b1f3,2026-08-19T14:42:45.627Z
giftpop.vn,MP1901220001,Phiếu quà tặng Go2Joy 100k,"Với Go2Joy, thế giới nghỉ ngơi và du lịch trở nên thật nhỏ bé, gọn trong lòng bàn tay bạn. Đây là người bạn đồng hành lý tưởng mỗi khi bạn cần tìm một nơi dừng chân nhanh chóng, tiện lợi cho những chuyến đi ngắn ngày hay hành trình khám phá những điểm đến mới.
Dù bạn đang cần phòng ngay lập tức hay lên kế hoạch cho chuyến đi sắp tới, Go2Joy luôn mang đến trải nghiệm đặt phòng nhanh chóng, an toàn và tiện lợi. Đặc biệt, phiếu quà tặng Go2Joy cho phép bạn dễ dàng áp dụng khi đặt phòng trên ứng dụng tại các khách sạn nằm trong danh sách áp dụng, giúp hành trình của bạn thêm linh hoạt và tiết kiệm.","• Mỗi voucher chỉ được sử dụng 01 lần, áp dụng được 01 voucher/ 01 lần thanh toán.
• Áp dụng đặt phòng:
- Qua đêm: 1 đêm
- Theo ngày
- Thời gian: tất cả các ngày trong tuần
• Không đổi được ra tiền mặt một phần hoặc toàn bộ.
• Không hoàn trả hoặc bán lại được.
• Nếu giá trị đơn hàng của khách hàng vượt quá giá trị của voucher thì khách hàng phải thanh toán thêm khoản chênh lệch bằng tiền mặt, thẻ ATM, thẻ Credit, vid điện tử (MoMo, ZaloPay, ShopeePay).
• Áp dụng tại các khách sạn trong danh sách.
• Áp dụng chung với chương trình giảm giá trực tiếp của khách sạn.
• Khách hàng có trách nhiệm bảo mật thông tin mã thẻ quà tặng sau khi đặt mua. Giftpop sẽ không chịu trách nhiệm hoàn trả các mã thẻ bị mất hoặc ở trạng thái ""Đã sử dụng"" với bất kỳ lý do gì.
• Giftpop sẽ không chịu trách nhiệm đối với chất lượng sản phẩm hoặc dịch vụ được cung cấp cũng như đối với các tranh chấp về sau giữa khách hàng và nhà cung cấp.
• Giftpop có quyền sửa chữa hoặc thay đổi điều khoản và điều kiện sử dụng mà không thông báo trước.
• Hạn sử dụng: 30 ngày kể từ ngày mua/gửi quà thành công từ Giftpop.vn
• Hotline Giftpop: 1900 55 88 12.",LIFESTYLE_SERVICES,100000,90000,VND,https://img.giftpop.vn/brand/GO2JOY/MP1901220001_BASIC_origin.jpg,https://www.giftpop.vn/brandshop/view/MP1901220001,30,2026-09-28T17:00:00.000Z,2027-09-28T17:00:00.000Z,2026-09-28T17:00:00.000Z,2027-10-28T17:00:00.000Z,100,APPROVED,e7dea710e4298d0e99f1bd04d6d819fcf004acdf82dd028f4d697f0d53b264f0,2026-08-19T14:42:45.627Z
giftpop.vn,MP2106090013,Phiếu quà tặng Hoa Yêu Thương 100K,"Hoa Yêu Thương là bông hoa được ghép từ nhiều trái tim với mong muốn kêu gọi mọi người hãy chia sẻ yêu thương nhiều hơn. Cuộc sống sẽ tốt hơn rất nhiều nếu chúng ta chia sẻ yêu thương với mọi người xung quanh mình. Màu xanh của chữ yêu thương là một thông điệp gửi đến môi trường rằng trong tất cả các hoạt động, Dịch Vụ Hoa Yêu Thương luôn cố gắng sử dụng các sản phẩm có thể tự phân hủy hoặc tái sử dụng ở mức tối đa.
Phiếu quà tặng tiền mặt Hoa Yêu Thương với nhiều mệnh giá sẽ là giải pháp hoàn hảo cho doanh nghiệp dùng tặng hoặc thưởng cho nhân viên, cũng sẽ là món quà ý nghĩa và thiết thực cho bạn dành tặng bạn bè nhân mỗi dịp lễ tết, sinh nhật... Tặng nhanh chóng, sử dụng dễ dàng.","• Voucher chỉ áp dụng cho khu vực Hồ Chí Minh và Hà Nội.
• Voucher được áp dụng cho hoa thành phẩm và các sản phẩm quà tặng khác như bánh kem, gấu bông, socola được bán trên web Hoayeuthuong.com. Không áp dụng cho hoa lẻ/hoa cắt cành.
• Mỗi voucher chỉ được sử dụng 01 lần, có thể áp dụng nhiều voucher để thanh toán trên 01 đơn hàng.
• Voucher không có giá trị quy đổi thành tiền mặt, không được hoàn trả tiền thừa.
• Nếu trị giá đơn hàng lớn hơn trị giá voucher khách hàng có thể thanh toán phần chênh lệch đó.
• Hoa Yêu Thương chịu trách nhiệm xuất hóa đơn tài chính cho khách hàng.
• Voucher được áp dụng chung với các ưu đãi khác tại cửa hàng.
• Cửa hàng hoạt động 24/24 và xuyên suốt các mùa lễ, trừ các ngày Tết Nguyên Đán.
• Khách hàng có trách nhiệm bảo mật thông tin mã thẻ quà tặng sau khi đặt mua. Giftpop sẽ không chịu trách nhiệm hoàn trả các mã thẻ bị mất hoặc ở trạng thái ""Đã sử dụng"" với bất kỳ lý do gì.
• Giftpop sẽ không chịu trách nhiệm đối với chất lượng sản phẩm hoặc dịch vụ được cung cấp cũng như đối với các tranh chấp về sau giữa khách hàng và nhà cung cấp.
• Giftpop có quyền sửa chữa hoặc thay đổi điều khoản và điều kiện sử dụng mà không thông báo trước.
• Hotline Giftpop: 1900 55 88 12
*** Khách hàng có thể đặt hoa qua các hình thức sau:
1. Gọi vào hotline (hoạt động 24/24 Hoa Yêu Thương): 1800 6353
2. Đặt online ở website: hoayeuthuong.com
3. Đến trực tiếp tại cửa hàng",LIFESTYLE_SERVICES,100000,95000,VND,https://img.giftpop.vn/brand/HOAYEUTHUONG/MP2106090013_BASIC_origin.jpg,https://www.giftpop.vn/brandshop/view/MP2106090013,30,2026-09-19T17:00:00.000Z,2027-09-19T17:00:00.000Z,2026-09-19T17:00:00.000Z,2027-10-19T17:00:00.000Z,100,APPROVED,b4f91b623fd6c86a90a898e698c06550f3414038b85e2c8e8addecd7c09c74c2,2026-08-19T14:42:45.627Z
